gap_id,hierarchy_path,entity_id,what_is_missing,why_it_matters,priority,recipient_body,recipient_email,recipient_postal,draft_letter_path,status,date_ready,date_sent,date_due,date_answered,response_summary,linked_commitment_id,linked_leaderboard_id,created_utc,updated_utc,notes
gap_example_001,Vlaanderen>example_programme>unnamed_grants,vlaanderen_gov,L5 breakdown of a large discretionary grant line,Template example,1,Vlaamse overheid,,,,docs/doge/foi/drafts/gap_example_001.md,cancelled,,,,,,,2026-07-19T00:00:00Z,2026-07-19T00:00:00Z,Illustrative row
gap_bru_total_2025,Brussels-Capital Region>total_expenditure,brussels_gov,Official BCR total expenditure,Entity rank #12,7,Cour des comptes / BCR,https://www.ccrek.be,,docs/doge/foi/drafts/gap_bru_total_2025.md,answered,2026-07-19,,2026-07-19,SGRBC 2026 liq 8.0bn eng 8.9bn,,,2026-07-19T13:00:00Z,2026-07-19T21:00:00Z,rq_017,
gap_vl_cjsm_l5,Vlaanderen>CJSM>grants_L5,vlaanderen_gov,Top 20 CJSM subsidies,L5 culture opacity,8,Vlaamse overheid Team Openbaarheid,openbaarheid@vlaanderen.be,Havenlaan 88 bus 20 1000 Brussel,docs/doge/foi/drafts/gap_vl_cjsm_l5.md,ready,2026-07-19,,,,,2026-07-19T14:30:00Z,2026-07-19T15:00:00Z,human send,,
gap_vl_gelijke_kansen,Vlaanderen>gelijke_kansen_integratie>L5,vlaanderen_gov,Named L5 EUR for each ABB projectsubs award 2024-2026 (portal names only; envelope 4.361m 2026 known),L5 opacity under 4.361m projectsubs + integratie lines,7,Vlaamse overheid Team Openbaarheid,openbaarheid@vlaanderen.be,Havenlaan 88 bus 20 1000 Brussel,docs/doge/foi/drafts/gap_vl_gelijke_kansen.md,ready,2026-07-19,,,,,2026-07-19T14:30:00Z,2026-07-27T15:00:00Z,tick125: BBT filled envelope+research L5; residual per-project EUR human send
gap_vl_dienstencheques_tco,Vlaanderen>WEWIL>Dienstencheques>TCO,vlaanderen_gov,Full dienstencheques TCO,Only reform line known,8,Vlaamse overheid Team Openbaarheid,openbaarheid@vlaanderen.be,Havenlaan 88 bus 20 1000 Brussel,docs/doge/foi/drafts/gap_vl_dienstencheques_tco.md,ready,2026-07-19,,,,,cmt_dienstencheques_cut_2026,,2026-07-19T14:30:00Z,2026-07-19T15:30:00Z,human send
gap_fed_cabinets_comms,Federal>cabinets+comms,sec_federal,Cabinet and comms official totals,Press-implied 70m,8,Federal openbaarheid form IBZ,,https://www.ibz.be/nl/openbaarheid-van-bestuur,docs/doge/foi/drafts/gap_fed_cabinets_comms.md,ready,2026-07-19,,,,,2026-07-19T16:00:00Z,2026-07-19T16:00:00Z,human send,,
gap_gent_subsidies_top20,Gent>subsidies>top20,city_gent,Top 20 city third-party subsidies,Partial culture only,8,Stad Gent openbaarheid,,stad.gent,docs/doge/foi/drafts/gap_gent_subsidies_top20.md,answered,2026-07-19,,2026-07-22,Open subsidieregister 2024 top20 + culture 11.6m; NTGent 2.99m; 2025 partial; 2026 multiyear still thin,,,2026-07-19T16:30:00Z,2026-07-22T17:34:00Z,tick101 answered via open data; FOI letter not required for 2024,
gap_multi_parliaments,BE>assemblies>operating_costs,gg_belgium,All assemblies operating costs,Dual democracy overhead,7,Each assembly openbaarheid / Rekenhof,,,docs/doge/foi/drafts/gap_multi_parliaments.md,ready,2026-07-19,,,,,2026-07-19T17:00:00Z,2026-07-19T21:15:00Z,rq_018 multi-letter batch,,
gap_wal_l5_top_subsidies,Wallonie>subsidies>top_L5,wallonie_gov,Top 20 pure third-party ASBL/facultative grants with EUR (programme UAP L5 filled tick134; residual name-list ASBL),Programme envelopes public; ASBL name-level still opaque,7,SPW publicite administration,,,docs/doge/foi/drafts/gap_wal_l5_top_subsidies.md,ready,2026-07-19,,,,,2026-07-19T18:30:00Z,2026-07-27T18:00:00Z,tick134 partial UAP fill; residual ASBL human send
gap_forem_budget,Wallonie>Emploi>Forem,forem,FOREM budget/RA 2024-2026 same structure as 2023 (aides vs fonctionnement),2023 RA filled strong; 2024-26 missing,5,SPW / Forem,,,docs/doge/foi/drafts/gap_forem_budget.md,ready,2026-07-19,,,,,cmt_forem_budget_2023,,2026-07-19T19:00:00Z,2026-07-27T17:20:00Z,tick132 partial
gap_vdab_full_budget,Vlaanderen>VDAB>budget,vdab,Jaarrekening full institutional total EU+own income 2024-2026 vs BBT toelage 750.7m; L5 tender/personnel split,BBT VL krediet filled; institutional total 962m class medium only,5,Vlaamse overheid Team Openbaarheid / VDAB,openbaarheid@vlaanderen.be,Havenlaan 88 bus 20 1000 Brussel,docs/doge/foi/drafts/gap_vdab_full_budget.md,ready,2026-07-19,,,,,cmt_vdab_vl_toelage_path,,2026-07-19T19:00:00Z,2026-07-27T17:00:00Z,tick131 partial BBT fill
gap_cheque_te,Federal>cheques>TE,fod_finance,FPS official TE inventory euro for meal+eco cheques annual series; eco aggregate; post-2026 face reform full parafiscal,Meal CoA 1.07bn 2024 filled; FPS inventory still blank; eco Unknown,7,FOD Financien / IBZ FOI,,https://www.ibz.be/nl/openbaarheid-van-bestuur,docs/doge/foi/drafts/gap_cheque_te.md,ready,2026-07-19,,,,,2026-07-19T19:30:00Z,2026-07-27T16:20:00Z,tick129: Rekenhof meal 1.07bn; residual FPS line+eco
gap_unemp_pay_unit_cost,Federal>ONEM>payment channels,sec_ss,L5 split admin compensations ABVV vs ACV vs ACLVB/SYNOVA vs HVW cash-by-year 2022-2026; unit cost per dossier by channel; reconcile HVW 6.084m site vs ~50m implied ONEM share,Aggregates 169/219m now public; per-union L5 and unit costs still opaque,8,ONEM-RVA / IBZ FOI,,https://www.ibz.be/nl/openbaarheid-van-bestuur,docs/doge/foi/drafts/gap_unemp_pay_unit_cost.md,ready,2026-07-19,,,,,2026-07-19T19:30:00Z,2026-07-27T19:30:00Z,tick138 partial fill 169+219m; residual L5 human send
gap_antwerp_subsidies_top20,Antwerpen>subsidies>top20,city_antwerpen,Machine-readable full top20+ third-party subsidies 2024-2026 (ebesluit filled Toneelhuis 2.8m OBV 1.9m deSingel 0.1m Zorgbedrijf ~66m; no Gent-style register),Partial ebesluit L5; bulk register still missing,6,Stad Antwerpen openbaarheid,,,docs/doge/foi/drafts/gap_antwerp_subsidies_top20.md,ready,2026-07-20,,,,,2026-07-20T00:30:00Z,2026-07-27T20:10:00Z,tick140 partial ebesluit fill; residual register human send
gap_nmbs_annual_toelage,Federal>Mobiliteit>NMBS>exploitatievergoeding,nmbs,FPS/BOSA budget article codes cash outturn vs ODC Art.116 path and NBB ESA D.31/D.92 2023-2026; specific comps list,ODC contractual path 2023-32 now public (core3); FPS cash codes and outturn reconcile still opaque,6,FOD Mobiliteit / BOSA / IBZ FOI,,https://www.ibz.be/nl/openbaarheid-van-bestuur,docs/doge/foi/drafts/gap_nmbs_annual_toelage.md,ready,2026-07-20,,,,,2026-07-20T00:40:00Z,2026-07-27T15:40:00Z,tick127: ODC path filled; residual FPS codes+outturn
gap_de_lijn_dotatie,Vlaanderen>MOW>De_Lijn>dotatie,de_lijn,Full 2025-2026 exploitatie+investering toelage comparable to 2019-2024 Vervoersautoriteit table (PQ955 filled 2019-24 and 2025 KN/AN/VoM+GIP slices),2019-24 series strong; 2025-26 full total exp+inv still partial (minister pointed to BBT),6,Vlaamse overheid Team Openbaarheid / De Lijn,openbaarheid@vlaanderen.be,Havenlaan 88 bus 20 1000 Brussel,docs/doge/foi/drafts/gap_de_lijn_dotatie.md,ready,2026-07-20,,,,,2026-07-20T01:00:00Z,2026-07-27T15:20:00Z,tick126: 2019-24 filled; residual 2025-26 full perimeter
gap_liege_subsidies_top20,Liège>subsidies>top20,city_luik,Top 20 third-party subsidies all departments 2025-2026 with amounts (beyond culture sample),Culture L5 sampled from budget PDF; other domains incomplete,6,Ville de Liège publicité administration,,,docs/doge/foi/drafts/gap_liege_subsidies_top20.md,ready,2026-07-20,,,,,2026-07-20T02:00:00Z,2026-07-20T02:00:00Z,rq_025,,
gap_bpost_uso_split,Federal>bpost>USO_vs_press,bpost,Annual cash-by-year split of federal payments to bpost 2020-2026: press concession vs universal service vs other state contracts,NBB package >300m 2023; press path public; residual USO/other opaque,8,FOD Economie / BIPT / IBZ FOI,,https://www.ibz.be/nl/openbaarheid-van-bestuur,docs/doge/foi/drafts/gap_bpost_uso_split.md,ready,2026-07-20,,,,,2026-07-20T02:20:00Z,2026-07-20T02:20:00Z,rq_028,,
gap_offshore_annual_cash,Federal>Energy>offshore_wind>annual,sec_federal,Reconcile CREG cash support cost vs NBB ESA D.31 offshore series 2022-2026,CREG 179.4m vs NBB ESA 283m for 2023; NBB 592m 2024,8,FOD Economie AD Energie / CREG / IBZ FOI,,https://www.ibz.be/nl/openbaarheid-van-bestuur,docs/doge/foi/drafts/gap_offshore_annual_cash.md,ready,2026-07-20,,,,,2026-07-20T02:40:00Z,2026-07-20T04:00:00Z,rq_032 dual series gap,,
gap_maribel_l5_split,SS>Maribel>sector_funds,maribel_funds,Remaining Maribel funds L5 2023-2025 esp PC330 health bulk + all funds FTE; sample filled FSM319.01 90.7m socio 38m FeBi319 6.8m public 38.72m (~12pct of NBB 1.46bn),Partial public jaarverslagen; health bulk + full matrix opaque,6,RSZ-ONSS / FOD Sociale Zekerheid / IBZ FOI,,https://www.ibz.be/nl/openbaarheid-van-bestuur,docs/doge/foi/drafts/gap_maribel_l5_split.md,ready,2026-07-20,,,,,2026-07-20T03:00:00Z,2026-07-27T20:50:00Z,tick142 partial L5; residual FOI
gap_charleroi_subsidies_top20,Charleroi>subsidies>top20,city_charleroi,Top 20 third-party subsidies and ASBL grants 2025-2026 with amounts,Only aggregate budget and 4P block public; culture L5 incomplete,7,Ville de Charleroi publicité administration,,,docs/doge/foi/drafts/gap_charleroi_subsidies_top20.md,ready,2026-07-20,,,,,2026-07-20T03:40:00Z,2026-07-20T03:40:00Z,rq_033,,
gap_company_cars_te_package,Federal>taxex>company_cars,fod_finance,Official FPS inventory cash-by-year PIT VAT SSC of company-car package 2022-2026 reconcile FFS 3.14bn with FPB 4.7bn categories,FPB CASMO filled broad package+VAT0.6bn; FPS line-item component series still thin,6,FOD Financien inventaris fiscale uitgaven / IBZ FOI,,https://www.ibz.be/nl/openbaarheid-van-bestuur,docs/doge/foi/drafts/gap_company_cars_te_package.md,ready,2026-07-20,,,,,2026-07-20T05:00:00Z,2026-07-27T20:30:00Z,tick141 FPB partial; residual FPS official split human send
gap_vl_non_maastricht_claims,Vlaanderen>schuld>non_Maastricht_federal_claims,vlaanderen_gov,Multi-year amortisation cash schedule hospital infra 2.184bn + autonomiefactor 0.474bn claims to federal,Stocks known but dropped from algemene toelichting (Rekenhof),7,Vlaamse overheid Team Openbaarheid / Departement FB,openbaarheid@vlaanderen.be,Havenlaan 88 bus 20 1000 Brussel,docs/doge/foi/drafts/gap_vl_non_maastricht_claims.md,ready,2026-07-20,,,,,cmt_vl_non_maastricht_fed,lb_vl_non_maastricht,2026-07-20T09:20:00Z,2026-07-20T09:20:00Z,rq_049 human send
gap_bru_net_primary,Bruxelles>HRF>net_primary_exp,brussels_gov,Official BCR net primary expenditure growth 2025-2026 vs HRF -0.61pct cap,Cour notes exposé omits EU/HRF metric; SGRBC +1.2pct not same,8,SPRB Bruxelles Finances et Budget transparence,transparence@sprb.brussels,Place Saint-Lazare 2 1035 Bruxelles,docs/doge/foi/drafts/gap_bru_net_primary.md,ready,2026-07-20,,,,,cmt_bru_budget_2026,lb_bru_netexp_opacity,2026-07-20T11:20:00Z,2026-07-20T11:20:00Z,rq_056 human send
gap_otw_dotatie_cash,Wallonie>Mobilite>OTW>dotation_cash_by_year,tec,Cash-by-year regional subsidies to OTW/TEC 2023-2026 with budget article codes and perimeter reconciliation Henry 960m vs prog 14.045 vs company budget,Dual perimeter public; absolute 2026 CSP socle and full AB series not published,8,SPW Mobilité et Infrastructures / OTW publicité administration,,,docs/doge/foi/drafts/gap_otw_dotatie_cash.md,ready,2026-07-20,,,,,cmt_otw_csp_financing_2024_28,lb_otw_tec_financing,2026-07-20T12:00:00Z,2026-07-20T12:00:00Z,rq_058 human send
gap_fwb_net_primary,FWB>HRF>net_primary_exp,fwb_gov,Official FWB net primary expenditure growth 2025-2026 vs HRF 0.74pct cap,Cour notes exposé omits metric; elements-cles totals only,8,Ministère FWB Budget et Finances publicité administration,,,docs/doge/foi/drafts/gap_fwb_net_primary.md,ready,2026-07-20,,,,,cmt_fwb_netexp_hrf,lb_fwb_netexp_opacity,2026-07-20T12:45:00Z,2026-07-20T12:45:00Z,rq_061 human send
gap_mons_budget_l5,Mons>budget2026>subsidies_L5,city_mons,Full official BI2026 PDF ordinaire+extraordinaire+note and third-party subsidy L5 table 2026,2025 ord PDF now extracted tick103 (rec 246.2m dep 244.2m named MARS/RCA); 2026 PDF still missing on mons.be,7,Ville de Mons publicité administration,,,docs/doge/foi/drafts/gap_mons_budget_l5.md,ready,2026-07-20,,,,,cmt_mons_budget_2026,lb_mons_oxygene_dependency,2026-07-20T13:15:00Z,2026-07-22T18:04:00Z,rq_103 partial 2025 answered; still need BI2026 human send
gap_plan_oxygene_cash,Wallonie>CRAC>Plan_Oxygene>cash_by_year,wallonie_gov,Full Plan Oxygene cash-by-year by commune 2022-2026 and regional interest+capital cost series,Partial tranches public; six-city 210m split and complete multi-year table not published,8,SPW IAS / CRAC publicité administration,,,docs/doge/foi/drafts/gap_plan_oxygene_cash.md,ready,2026-07-21,,,,,cmt_plan_oxygene_wallonie,lb_plan_oxygene_envelope,2026-07-21T08:00:00Z,2026-07-21T08:00:00Z,rq_064 human send
gap_vl_efro_l5,Vlaanderen>VLAIO>EFRO_2021_27>projects_L5,vlaio,Full L5 list approved EFRO Flanders 2021-27 projects with total cost EU grant co-financing promoter dates,Programme envelopes public; individual project EUR bulk not accessible (VLAIO portal blocked/incomplete),7,VLAIO / Team Openbaarheid Vlaanderen,openbaarheid@vlaanderen.be,Ellipsgebouw Koning Albert II-laan 35 bus 12 1030 Brussel,docs/doge/foi/drafts/gap_vl_efro_l5.md,ready,2026-07-21,,,,,cmt_vl_efro_2127,lb_vl_efro_envelope,2026-07-21T08:50:00Z,2026-07-21T08:50:00Z,rq_067 human send
gap_bru_efro_l5,Bruxelles>FEDER_2021_27>projects_L5,feder_brussels,Full L5 list approved Brussels FEDER 2021-27 projects with total cost EU grant co-financing promoter dates,Programme and call envelopes public; individual project EUR bulk incomplete,7,Direction FEDER / SPRB transparence,transparence@sprb.brussels,,docs/doge/foi/drafts/gap_bru_efro_l5.md,ready,2026-07-21,,,,,cmt_bru_feder_2127,lb_bru_feder_envelope,2026-07-21T09:05:00Z,2026-07-21T09:05:00Z,rq_068 human send
gap_hainaut_asbl_list_2026,Hainaut>subsidies>ASBL_entities_ge_50k,prov_hainaut,Annex budget 2026 listing 199 entities with provincial aids >=50k/yr with amounts and motivation,CoA confirms annex exists and flags missing motivation; amounts not in public CoA PDF; L5 opacity on largest Walloon province,8,Province de Hainaut publicite de l administration,,Hotel de la Province Place de la Louve 1 7000 Mons,docs/doge/foi/drafts/gap_hainaut_asbl_list_2026.md,ready,2026-07-22,,,,,,cmt_hainaut_asbl_opacity_2026,lb_hainaut_asbl_opacity,2026-07-22T16:19:00Z,2026-07-22T16:19:00Z
gap_lux_asbl_list_2026,Luxembourg>subsidies>ASBL_entities_ge_50k,prov_luxembourg,Annex budget 2026 ASBL/FUP aids >=50k with names amounts and evaluation report for 25 management contracts,CoA gives total 4.3m but no public named EUR list; eval report excludes non-contract entities,7,Province de Luxembourg publicite de l administration,,Province de Luxembourg greffe,docs/doge/foi/drafts/gap_lux_asbl_list_2026.md,ready,2026-07-22,,,,,,cmt_lux_asbl_package_2026,lb_lux_asbl_package,2026-07-22T16:49:00Z,2026-07-22T16:49:00Z
gap_vl_cie_l5_beneficiaries,Vlaanderen>VLAIO>Carbon_leakage_CIE>beneficiaries_L5,vlaio,Named CIE/ICL beneficiaries with amounts KBO emission-year 2023-2026 and exception-mechanism list,Largest VLAIO company subsidy ~250-262m/yr; totals public; L5 names opaque,8,Vlaamse overheid Team Openbaarheid / VLAIO FIO,openbaarheid@vlaanderen.be,Havenlaan 88 bus 20 1000 Brussel,docs/doge/foi/drafts/gap_vl_cie_l5_beneficiaries.md,ready,2026-07-27,,,,,cmt_vl_carbon_leakage_cie_2025,lb_vl_carbon_leakage_cie,2026-07-27T01:00:00Z,2026-07-27T01:00:00Z,rq_106 draft ready human send only; NL letter
gap_vl_fio_project_l5,Vlaanderen>VLAIO>FIO>project_L5,vlaio,Machine-readable L5 lists OND/ONTW/ICON/Moonshot/cluster projects with names amounts 2023-2025 (jaarverslag annex + registers),Awards ~197-214m/yr innovatiesteun; aggregates public; bulk project L5 opaque,7,Vlaamse overheid Team Openbaarheid / VLAIO FIO,openbaarheid@vlaanderen.be,Havenlaan 88 bus 20 1000 Brussel,docs/doge/foi/drafts/gap_vl_fio_project_l5.md,ready,2026-07-27,,,,,cmt_vlaio_innovatie_portfolio_2025,lb_vlaio_innovatie_portfolio,2026-07-27T01:20:00Z,2026-07-27T01:20:00Z,rq_108; sample L5 found (Woosh clusters Moonshot); bulk FOI human send
gap_fed_gas_reduced_firms,Federal>FFS>industrial_gas_reduced>firms_L5,fod_finance,Named firms with reduced industrial gas excise permit MWh and EUR 2022-2025,FFS 903m 2024; only count 352 firms 2019 public; L5 opacity,7,FOD Financiën / IBZ FOI,,https://www.ibz.be/nl/openbaarheid-van-bestuur,docs/doge/foi/drafts/gap_fed_gas_reduced_firms.md,ready,2026-07-27,,,,,cmt_gas_reduced_industrial_ebo,lb_gas_reduced_industrial,2026-07-27T02:40:00Z,2026-07-27T02:40:00Z,rq_112 draft ready human send only
gap_unia_funding_detail,BE>Unia>multi_entity_funding,unia_interfederal,Federal BGD codes cash-by-year 2023-2026 and 2025 federated split by entity plus Loterie line if separate,2024-25 totals public; -25pct path and 2025 entity split incomplete,7,FOD BOSA / Kanselarij openbaarheid + Unia,,https://www.ibz.be/nl/openbaarheid-van-bestuur,docs/doge/foi/drafts/gap_unia_funding_detail.md,ready,2026-07-27,,,,,cmt_unia_subsidies_2024_25,lb_unia_public_subsidies,2026-07-27T12:00:00Z,2026-07-27T12:00:00Z,tick121 human send; partial map done
gap_vl_wassalon_tender,Vlaanderen>Gelijke_Kansen>Het_Wassalon>contractors,vlaanderen_gov,Tender specs contractor invoices cash-by-year 2026-2028 and KPI views/listens for Het Wassalon full mediamix; confirm LDV United call-off and NoStrezz production share,Minister total 800k/3y+raam public; contractor L5 and cash split opaque,8,Vlaamse overheid Team Openbaarheid / Agentschap Binnenlands Bestuur,openbaarheid@vlaanderen.be,Havenlaan 88 bus 20 1000 Brussel,docs/doge/foi/drafts/gap_vl_wassalon_tender.md,ready,2026-07-27,,,,,cmt_vl_wassalon_gelijke_kansen,lb_vl_wassalon_podcast,2026-07-27T14:00:00Z,2026-07-27T14:25:00Z,human send; tick123 deepen residual; LDV+NoStrezz named claims only
gap_fed_register_l5_top50,Federal>BOSA>register>top50_named_L5,sec_federal,Machine-readable export top 50 named beneficiaries by amount 2024-2025 excl statutory SS benefit lines,L5 end-receivers for discretionary firm/ASBL/foreign,7,FOD BOSA openbaarheid / register contact,,https://bosa.belgium.be/nl/themas/begroting-en-boek-houding/toelagen/federaal-register-van-financiele-overdrachten,docs/doge/foi/drafts/gap_fed_register_l5_top50.md,ready,2026-07-27,,,,,cmt_fed_register_toelagen_2023_25,,2026-07-27T16:40:00Z,2026-07-27T16:40:00Z,tick130 human send; aggregates public
gap_mutual_admin_l5,SS>RIZIV>mutualities>admin_L5,sec_ss,Cash-by-year admin envelope split by landsbond CM Solidaris Helan Neutral Liberal + HZIV 2023-2026 and Controledienst actual spend,Aggregates 1.29-1.38bn public; L5 end-receivers opaque,7,RIZIV / Controledienst ziekenfondsen / IBZ FOI,,https://www.ibz.be/nl/openbaarheid-van-bestuur,docs/doge/foi/drafts/gap_mutual_admin_l5.md,ready,2026-07-27,,,,,2026-07-27T19:50:00Z,2026-07-27T19:50:00Z,tick139 draft ready human send
gap_iefh_funding_detail,BE>IEFH>multi_source_funding,iefh,Cash-by-year 2025-2026 outturn + BGD codes; CPVS transfer to INAMI perimeter; L5 structural subsidy names 2023-2026; reconcile 33.9m dotation vs 24.8m exp 2024,2024 RA filled strong; residual multi-year and L5 opaque,6,IEFH / FOD BOSA / IBZ FOI,info@iefh.be,https://www.ibz.be/nl/openbaarheid-van-bestuur,docs/doge/foi/drafts/gap_iefh_funding_detail.md,ready,2026-07-27,,,,,cmt_iefh_funding_2024,lb_iefh_public_package,2026-07-27T21:10:00Z,2026-07-27T21:10:00Z,tick143 draft ready human send; 2024 partial map done
gap_firm_funding_detail,BE>FIRM_IFDH>dotatie_codes_L5,firm_ifdh,Kamer BGD/allocation codes cash-by-year 2023-2026 and L5 exp split personnel/ops/NPM/whistleblower/SLAPP; surplus return rules,Totals 2023-26 public in RA; codes and L5 ops split thin,5,FIRM-IFDH / Kamer openbaarheid,,https://www.ibz.be/nl/openbaarheid-van-bestuur,docs/doge/foi/drafts/gap_firm_funding_detail.md,ready,2026-07-27,,,,,cmt_firm_dotation_path,lb_firm_public_dotation,2026-07-27T21:30:00Z,2026-07-27T21:30:00Z,tick144 partial totals filled; residual L5 human send
gap_rtbf_complement_split,FWB>Media>RTBF>complementary_dots,rtbf,Full complementary public-dot split 2024 and FWB budget codes 2024-2026; savings plan 132m cash delivery by year,2023 CSA + 2025 RA package filled strong; 2024 full split thin,5,RTBF / FWB Budget Medias publicite,,,docs/doge/foi/drafts/gap_rtbf_complement_split.md,ready,2026-07-27,,,,,cmt_rtbf_public_package_2023_28,lb_rtbf_public_package,2026-07-27T21:50:00Z,2026-07-27T21:50:00Z,tick145 partial; human send
gap_vrt_side_envelopes,Vlaanderen>Media>VRT>side_envelopes,vrt,L5 split all public lines beyond basistoelage 2023-2026 with BBT codes; reconcile basistoelage 258.4/296.4 to gov totals 304.4/306; commercial plafond series,Totals strong; side-envelope matrix incomplete,5,VRT / Team Openbaarheid Vlaanderen,openbaarheid@vlaanderen.be,Havenlaan 88 bus 20 1000 Brussel,docs/doge/foi/drafts/gap_vrt_side_envelopes.md,ready,2026-07-27,,,,,cmt_vrt_public_package_2022_30,lb_vrt_public_package,2026-07-27T22:10:00Z,2026-07-27T22:10:00Z,tick146 partial; human send
gap_actiris_2025_26_l5,Bruxelles>Emploi>Actiris>L5_2025_26,actiris,L5 budget matrix 2025-2026 same structure as RA2024; reconcile institutional ~730-767m vs BCR programme 648m; detail inside 6th reform 225m block,2024 L5 full strong; multi-year incomplete,5,Actiris / SPRB transparence,transparence@sprb.brussels,,docs/doge/foi/drafts/gap_actiris_2025_26_l5.md,ready,2026-07-27,,,,,cmt_actiris_l5_2024,lb_actiris_acs_jobs,2026-07-27T22:30:00Z,2026-07-27T22:30:00Z,tick147 partial 2024 filled; human send
