rank,item_id,name,era,level,type,category,cost_min_eur,cost_mid_eur,cost_max_eur,cost_basis,cost_score,absurdity_score,waste_purity,waste_priority,confidence,pain_tax_fte,pain_net_years,pain_eur_per_employee,pain_work_minutes,sources_brief,one_liner,notes
1,hw_charleroi_mlc,"Charleroi light metro — half-built network, ghost branches",1970s–2020s,Wallonia,infrastructure,ghost_infra,500000000,1500000000,3000000000,Decades of construction; Châtelet branch unused for years; total historical cost poorly consolidated publicly — range wide,9.5,9.5,9.0,9.38,weak,77319.6,50847.5,309.28,634.34,Wikipedia MLC; Defossé GTI; RTBF JTI; TEC history,"Eight arms planned, ghost tunnels for decades — waffle-iron metro politics in concrete.",Parts now useful; pure waste is unused segments + time-value.
2,hw_waffle_iron_legacy,Waffle-iron politics legacy capex (post-war compensatory spending pattern),1950s–1980s,federal,fiscal_architecture,institutions,10000000000,30000000000,80000000000,Historical pattern of compensatory public works across communities; many GTI entries are symptoms — Weak aggregate,9.5,9.0,8.0,8.97,weak,1546391.8,1016949.2,6185.57,12686.79,Political science literature on waffle-iron; Defossé corpus as symptoms,You get a tunnel because they got a bridge — Belgium’s original fiscal algorithm.,Meta-entry explaining many ghost works.
3,hw_cheque_economy_decade,Meal/eco/cheque parafiscal restricted-scrip economy (multi-year),2015–2025,federal,tax_expenditure,structural_fiscal,8000000000,11000000000,15000000000,CoA ~€1.07bn private parafiscal meal class 2024 × ~10y; eco/other cheques add opacity,9.5,9.0,8.0,8.97,strong,567010.3,372881.4,2268.04,4651.82,Rekenhof DOC 56 0785/004; DOGE lb_cheque_economy,Wage compensation you can only spend at the right merchant — middlemen love it.,Steelman: purchasing power + compliance culture; waste is admin sandwich + distortion.
4,hw_metro3_bru,Brussels Metro line 3 — +hundreds-% budget path / freeze,2009–2020s,Brussels,infrastructure,transport_capex,3000000000,4760000000,5500000000,Court of Audit / press path from <€1bn class to ~€4.76bn total; +477% cited in governance summaries; project frozen/partially redesigned,9.5,9.0,8.0,8.97,strong,245360.8,161355.9,981.44,2012.97,Cour des comptes Metro 3; Brussels Times; governance.brussels dossier,A north–south metro that spent like a moonshot before a single full line ran.,Ridership need is steelman; delivery failure is the waste.
5,hw_smeerpijp,Smeerpijp (Limburg–Antwerp industrial sewer never used),1960s–1970s,Flanders,infrastructure,ghost_infra,30000000,100000000,300000000,107 km dual pipe never commissioned; era cost unknown — Weak rebased €,7.5,10.0,10.0,8.88,weak,5154.6,3389.8,20.62,42.29,Defossé; RTBF JTI Smeerpijp 1991,A 107 km pollution pipe that never carried a drop — purity score: perfect 10.,Possibly the purest boondoggle on the list.
6,hw_company_cars_fuel_cards,Fuel cards PIT+SSC tax expenditure (multi-year with company cars),2015–2025,federal,tax_expenditure,structural_fiscal,4000000000,7000000000,10000000000,FFS fuel cards ~€0.66bn 2024 × ~10y; stacks with company cars,9.5,8.5,8.0,8.82,strong,360824.7,237288.1,1443.30,2960.25,FPS FFS; DOGE lb_fuel_cards,Free fuel as wage — congestion externality included free of charge.,Companion to company-car package.
7,hw_solar_pv_vl_boom,Flanders residential PV over-subsidy boom (certificates era),2009–2015,Flanders,subsidy,energy_policy,2000000000,4000000000,8000000000,Subset of GSC story focused on residential boom overcompensation; overlaps hw_gsc_vl_decade — do not full-sum,9.5,8.5,8.0,8.82,medium,206185.6,135593.2,824.74,1691.57,VREG historical certificate prices; Court of Audit,Rooftop gold rush with guaranteed certificates — non-PV households paid.,Overlaps GSC row; ranking uses this as highlight chapter.
8,hw_wal_pv_certificates,Walloon PV / green certificate overcompensation path,2008–2018,Wallonia,subsidy,energy_policy,1500000000,3000000000,6000000000,CWAPE/CWaPE certificate burdens; multi-year household bill impact — Medium,9.5,8.5,8.0,8.82,medium,154639.2,101694.9,618.56,1268.68,CWaPE reports; WAL energy policy reviews,"Same movie as Flanders, French-speaking soundtrack, same bill on the meter.",Design twin of VL boom.
9,hw_housing_supply_block,Housing supply blocks + compensatory subsidies (policy package),1990s–2020s,multi,regulation+subsidy,housing,10000000000,30000000000,80000000000,Scarcity rents + subsidy bill; counterfactual YIMBY savings speculative — Weak,9.5,9.0,7.0,8.72,weak,1546391.8,1016949.2,6185.57,12686.79,DOGE seed board; regional housing plans,"Cause the shortage, then subsidise the victims of the shortage.",Mechanism classic; € highly model-dependent.
10,hw_union_unemp_admin,Union unemployment payment admin grants (multi-year),2015–2025,federal,subsidy,labour_market,1000000000,1700000000,2200000000,~€169m/yr class × 10y; middleman design,9.5,8.5,7.5,8.70,strong,87628.9,57627.1,350.52,718.92,DOGE lb_union_pay_admin_169m; middleman notes,Unions paid to pay unemployment — a Belgian special.,Steelman: proximity; waste is monopoly admin rent.
11,hw_duplicate_it_portals,Duplicate digital portals across governments (cluster),2000s–2020s,multi,procurement,it_failure,500000000,1500000000,4000000000,Same citizen service rebuilt N times; multi-year speculative — Weak,9.5,8.0,8.0,8.68,weak,77319.6,50847.5,309.28,634.34,DOGE seed board; BOSA digital notes,"My e-box, your e-box, their e-box — federalism as UX debt.",Shared platforms are the cut proposal.
12,hw_i_police,i-Police federal police digitalisation failure,2019–2026,federal,procurement,it_failure,76000000,150000000,300000000,Documented invoices ~€76m class; some press argue hundreds of millions total programme; litigation ongoing,7.5,9.5,9.5,8.60,strong,7732.0,5084.7,30.93,63.43,Brussels Times 2026; VRT/Nieuwsblad 2026; Tweakers; police claim vs Sopra Steria,€76m+ for a police IT system that never truly worked — then lawyers.,Strong on invoiced floor; upper bound disputed.
13,hw_company_cars_decade,Company-car tax expenditure package (10y class),2015–2025,federal,tax_expenditure,structural_fiscal,25000000000,35000000000,50000000000,FFS ~€3.1–5.2bn/yr package class × ~10y illustrative; congestion + wage distortion externalities extra,9.5,8.5,7.0,8.57,strong,1804123.7,1186440.7,7216.49,14801.25,FPS FFS inventories; FPB company-car notes; DOGE lb_company_cars*,"A fringe benefit that rewrote Belgian mobility, congestion and the wage bill — for decades.",Reform path exists (cash-out / equalise BIK); political difficulty high.
14,hw_dexia_belfius_path,Dexia dismantling + Belfius nationalisation path,2008–2012,federal,bailout,financial_crisis,4000000000,7000000000,12000000000,BE share of multi-country Dexia rescues + €4bn Belfius purchase + residual holding losses class; FR/LU shares excluded,9.5,8.5,7.0,8.57,medium,360824.7,237288.1,1443.30,2960.25,EC Dexia decisions; federal buy of Dexia Bank Belgium 2011,Municipal lender + French expansion = Belgian taxpayers holding the bag.,Belfius later profitable for the state — net depends on exit valuation.
15,hw_wtc_north_quarter,Brussels North Quarter / WTC towers — unfinished urban plan,1960s–1990s,Brussels,infrastructure,urban_dev,500000000,1500000000,3000000000,"Manhattanisation of popular neighbourhood; 8 towers planned, 3 WTC + later towers; social cost huge, public € mix private — Weak",9.5,8.5,7.0,8.57,weak,77319.6,50847.5,309.28,634.34,Defossé; RTBF JTI quartier Nord,Bulldoze a neighbourhood for eight towers — deliver three and a windswept esplanade.,Mix of public planning failure and private capital.
16,hw_party_media_transfers,Party / political-group / media-adjacent public transfers opacity,1990s–2020s,multi,transfer,politics,500000000,1500000000,3000000000,"Fragmented (dotations, media, foundations); multi-year opacity — Weak",9.5,8.5,7.0,8.57,weak,77319.6,50847.5,309.28,634.34,Parliament dotation rules; media subsidy debates,Democracy needs parties; blank-cheque opacity does not.,Transparency reform > abolish politics.
17,hw_kerosene_decade,International aviation kerosene excise exemption (10y),2015–2025,federal,tax_expenditure,structural_fiscal,5000000000,7000000000,9000000000,FFS ~€0.7bn/yr rising × 10y; Chicago Convention lock-in,9.5,8.0,7.5,8.55,strong,360824.7,237288.1,1443.30,2960.25,FPS FFS kerosene tables; DOGE lb_ffs_kerosene_air,Fly tax-free fuel while trains pay full freight — 1940s law meets 2020s climate.,EU coordination required; BE alone limited.
18,hw_fyra_v250,Fyra / V250 high-speed train fiasco (BE share of write-downs),2000s–2010s,federal,procurement,rail_rolling_stock,100000000,250000000,500000000,AnsaldoBreda V250 failure NL+BE; NMBS write-downs + replacement paths; BE share uncertain vs NS,7.5,9.5,9.0,8.47,weak,12886.6,8474.6,51.55,105.72,NMBS/NS Fyra parliamentary inquiries; press write-off series,High-speed trains that could not handle winter — write-offs at TGV prices.,NL cost larger; BE still ate real cash and delay.
19,hw_exc_heatoil_decade,Heating gasoil excise preference (multi-year FFS),2015–2025,federal,tax_expenditure,structural_fiscal,12000000000,18000000000,22000000000,~€1.8bn/yr 2024 class × ~10y; not progressive,9.5,8.0,7.0,8.43,strong,927835.1,610169.5,3711.34,7612.07,FPS FFS; DOGE lb_exc_heatoil,Cheap heating oil by design while climate policy points the other way.,Social heating need real; instrument is blunt.
20,hw_gsc_vl_decade,Flanders green electricity certificates (GSC) support path,2005–2025,Flanders,subsidy,energy_policy,8000000000,12000000000,18000000000,Recent ~€0.8–1.1bn/yr class; multi-year PV boom overcompensation + residual certificates; lifetime higher,9.5,8.0,7.0,8.43,medium,618556.7,406779.7,2474.23,5074.71,VREG/VEA series; DOGE lb_vl_gsc_support; Court of Audit PV notes,Early PV boom locked in rich certificates; households paid via bills for decades.,Steelman: learning-curve renewables; waste is overcompensation design.
21,hw_gen_rer_bru,Brussels RER/GEN suburban rail — decades of delay & partial delivery,1990s–2020s,federal+Brussels+regions,infrastructure,transport_capex,2000000000,5000000000,10000000000,Multi-decade programme; full original plan never delivered on time/budget; sunk + remaining envelope uncertain — Medium/Weak on total,9.5,8.0,7.0,8.43,weak,257732.0,169491.5,1030.93,2114.46,NMBS/Infrabel RER dossiers; Court of Audit historical notes,The suburban rail everyone promised for a generation — still waiting at many platforms.,Partial works useful; waste is delay + rework + political fragmentation.
22,hw_social_housing_vacancy,Social housing vacancy & renovation backlog costs,2000s–2020s,multi,ops,housing,1000000000,3000000000,8000000000,Vacant units + delayed reno while waiting lists grow; multi-year opportunity — Weak,9.5,8.0,7.0,8.43,weak,154639.2,101694.9,618.56,1268.68,Regional housing companies reports; press vacancy series,"People on lists, empty flats in the stock — allocation failure as fiscal waste.",Human cost primary.
23,hw_cabinet_culture,Ministerial cabinets culture — oversized political staff (multi-year),1990s–2020s,multi,admin,institutions,1000000000,3000000000,6000000000,Cabinets vs administration dual staff; multi-year speculative — Weak,9.5,8.0,7.0,8.43,weak,154639.2,101694.9,618.56,1268.68,DOGE seed board; governance literature BE,A shadow civil service that leaves when the minister does — institutional amnesia included.,Cap cabinets is a classic reform.
24,hw_temporary_unemp_fraud,Temporary unemployment / crisis unemployment fraud & overuse,2020–2022,federal,transfer,labour_market,500000000,2000000000,5000000000,Subset of COVID labour support; fraud rates debated — Weak,9.5,8.0,7.0,8.43,weak,103092.8,67796.6,412.37,845.79,ONEM/RVA audits; press fraud series,Furlough that became a lifestyle for some — detection lagged cash.,Most use legitimate; fraud tail is waste.
25,hw_sabena_collapse,Sabena bankruptcy — public shareholding losses + social fallout,1990s–2001,federal,soe_failure,transport_soe,500000000,1500000000,3000000000,State airline collapse; public capital loss + unemployment support; Swissair litigation recovered little — Medium/Weak,9.5,8.0,7.0,8.43,weak,77319.6,50847.5,309.28,634.34,Federal Planning Bureau Sabena eval; Wikipedia Sabena faillissement,"National flag carrier to Europe’s biggest corporate failure — 7,500 jobs later.",Global aviation shock + governance; not pure theft.
26,hw_excess_profit_rulings,Excess profit tax rulings (EU state-aid recovery saga),2005–2020s,federal,tax_ruling,corporate_tax,500000000,1000000000,2000000000,EU state-aid cases; recovered amounts vs originally foregone tax contested — Medium/Weak,9.5,8.0,7.0,8.43,weak,51546.4,33898.3,206.19,422.89,EC state-aid decisions on BE excess profit rulings,Bespoke tax math for multinationals — until Brussels said no.,Legal war years; fiscal opportunity cost real.
27,hw_bru_metro_ghosts,"Brussels metro ghost stations / unused levels (Sainctelette, Louise −3, etc.)",1970s–1990s,Brussels,infrastructure,ghost_infra,50000000,200000000,500000000,Multiple unused shells; no single official consolidated bill; Defossé/RTBF JTI documentation — Weak €,7.5,9.0,9.0,8.32,weak,10309.3,6779.7,41.24,84.58,fr.wiki GTI; Defossé; RTBF Journal des Travaux Inutiles,Stations built for lines that never came — Belgium’s most photogenic fiscal ghosts.,Iconic absurdity > precise euro; cultural hall-of-fame entry.
28,hw_interco_dividends,Intercommunale dividend politics (energy/water) — soft capture,1990s–2020s,local,soe_governance,local_capture,2000000000,5000000000,10000000000,Dividends fund local politics; opportunity cost of inefficient utility governance speculative multi-year — Weak,9.5,8.0,6.5,8.30,weak,257732.0,169491.5,1030.93,2114.46,Publifin inquiry legacy; CREG/utility reports,Your water bill elects a board you never heard of.,Structural local-capture pattern.
29,hw_empty_public_estate,Empty / underused public building stock (multi-year opportunity cost),2000s–2020s,multi,asset_waste,assets,1000000000,5000000000,15000000000,No single register; opportunity cost of idle capital speculative — Weak,9.5,7.5,7.0,8.28,weak,257732.0,169491.5,1030.93,2114.46,Court of Audit building stock notes; regional inventories partial,Public walls with no people — capital depreciation as quiet waste.,Needs FOI/register campaign.
30,hw_training_vouchers,Training vouchers / activation with weak job placement (cluster),2000s–2020s,multi,subsidy,labour_market,2000000000,5000000000,10000000000,Attendance ≠ employment; multi-year cluster Medium/Weak,9.5,7.5,7.0,8.28,weak,257732.0,169491.5,1030.93,2114.46,PES evaluations; Rekenhof training notes,Certificates of attendance sold as labour-market miracles.,Pay for placement outcomes.
31,hw_antwerp_premetro_ghost,Antwerp premetro unused tunnels & stations (50y ghost class),1970s–2020s,Flanders,infrastructure,ghost_infra,200000000,600000000,1500000000,km of tunnel + stations idle decades; original build cost era-francs hard to rebase; reactivation now spending extra — Weak on original €,7.5,9.0,8.5,8.20,weak,30927.8,20339.0,123.71,253.74,Premetro history; Pegasus plan; Group A reactivation 2025–27 notes,Underground trams that waited half a century for passengers — and more money to finish.,Some tunnels finally activating; capital sat idle for a generation.
32,hw_awareness_campaigns,Awareness campaigns with no behaviour-change evidence (cluster),2000s–2020s,multi,opex,vanity_project,200000000,600000000,1500000000,Death by a thousand posters; multi-year cluster speculative — Weak,7.5,9.0,8.5,8.20,weak,30927.8,20339.0,123.71,253.74,DOGE seed board; various CoA notes,"Poster politics: if you can’t measure it, bill it to communications.",High absurdity density.
33,hw_justitie_it_cluster,Justice IT mega-projects cluster (Phoenix/Cheops and successors),2000s–2020s,federal,procurement,it_failure,100000000,400000000,1000000000,Decades of justice digitalisation failures; fragmented public totals — Medium/Weak,7.5,9.0,8.5,8.20,weak,20618.6,13559.3,82.47,169.16,Rekenhof justice IT reports; parliamentary history,Courts still drowning in paper after successive ‘once-and-for-all’ IT reboots.,Human cost (case delay) larger than cash alone.
34,hw_publifin_nethys,Publifin / Nethys / Enodia intercommunale capture scandals,2010s,Wallonia,governance_scandal,local_capture,50000000,200000000,500000000,"Director fees, opacity, political capture; direct cash vs opportunity cost hard to separate — Weak mid",7.5,9.0,8.5,8.20,weak,10309.3,6779.7,41.24,84.58,Parliamentary inquiries; press Publifin/Nethys,Intercommunales as political ATM — energy dividends and director seats.,Governance failure > single project invoice.
35,hw_early_exit_pensions,Early labour-market exit & special pension schemes (multi-year),1980s–2020s,federal,entitlement,structural_fiscal,30000000000,60000000000,100000000000,Structural early-exit culture cost; multi-decade fiscal — Medium/Weak on pure ‘waste’ vs social choice,9.5,8.0,6.0,8.18,weak,3092783.5,2033898.3,12371.13,25373.57,NBB/FPB pension notes; OECD ageing BE,"Retire early, bill the next cohort — special schemes as political glue.","Reform path: close schemes, automatic adjusters."
36,hw_dual_federalism_overhead,"Institutional dualism overhead (multi-parliaments, dual PSB, dual PES, dual justice language)",1990s–2020s,multi,overhead-federalism,institutions,20000000000,40000000000,80000000000,Highly speculative multi-year opportunity cost of permanent dual structures; dual PSB alone ~€0.65bn/yr ordinary; full dualism larger,9.5,8.0,6.0,8.18,weak,2061855.7,1355932.2,8247.42,16915.71,DOGE lb_dual_psb; institutional cost studies (order-of-magnitude),Two of everything that speaks a language — democracy has a price tag that is never on one budget line.,Not a call to abolish communities; score is about unmeasured overhead.
37,hw_bank_bailouts_2008_12,Banking crisis public capital injections (Fortis/Dexia/KBC/Ethias stack),2008–2012,federal+regions,bailout,financial_crisis,15000000000,22000000000,35000000000,Order-of-magnitude BE public capital: Fortis ~€9.4bn path; Dexia BE capital + Belfius €4bn buy; KBC fed+VL ~€7.5bn class; Ethias; guarantees separate contingent,9.5,8.0,6.0,8.18,medium,1134020.6,745762.7,4536.08,9303.64,Wikipedia 2008–09 BE financial crisis; Social Watch bank rescue note; EC state-aid decisions,Too-big-to-fail became a taxpayer balance-sheet event — twice for Dexia.,Net fiscal cost after recoveries/dividends lower than gross injections; guarantees were huge contingent.
38,hw_facultative_subsidies,Federal facultative discretionary subsidies opacity (multi-year),2015–2025,federal,subsidy,structural_fiscal,5000000000,9000000000,12000000000,~€0.9bn/yr envelope × 10y; many justified — opacity is the DOGE issue,9.5,8.0,6.0,8.18,strong,463917.5,305084.7,1855.67,3806.04,BOSA toelagenregister; DOGE lb_fed_facultative_subsidies,Ministers’ discretionary chequebook — public money without a public shopping list.,Cut path exists (−200m narratives); L5 still weak.
39,hw_nuclear_phaseout_policy,Nuclear phase-out / extension stop-start policy costs,2003–2020s,federal,energy_policy,energy_policy,2000000000,8000000000,20000000000,"Policy volatility: provisions, Engie negotiations, capacity mechanisms, import dependency — highly contested range",9.5,8.0,6.0,8.18,weak,412371.1,271186.4,1649.48,3383.14,CREG; FPS Economy; Engie agreements; FPB energy notes,"Vote to close reactors, then pay to keep them — energy policy as ping-pong.",Climate/security trade-offs real; process waste huge.
40,hw_dioxin_crisis,"1999 dioxin crisis — farm slaughter, export ban, political collapse",1999,federal,crisis_cost,food_safety,500000000,1500000000,3000000000,"Compensation, destroyed livestock, export losses, government fall — range includes private losses; public share Medium",9.5,8.0,6.0,8.18,weak,77319.6,50847.5,309.28,634.34,Wikipedia Dioxine crisis; OECD/agri estimates historical,"Contaminated feed, empty shelves, a government that fell — food safety as systemic failure.",Not a vanity project; regulatory failure costs.
41,hw_neo_heysel,NEO / Heizel redevelopment delays & redesigns,2010s–2020s,Brussels,infrastructure,urban_dev,500000000,1500000000,3000000000,Ambition multi-bn urban project; repeated redesign; sunk studies + partial works — Weak mid,9.5,7.5,6.5,8.15,weak,77319.6,50847.5,309.28,634.34,Brussels regional dossiers; press NEO Heizel,Expo site dreams that keep reinventing the masterplan.,Some public value possible; process waste high.
42,hw_agusta_scandal,Agusta / Dassault helicopter & aircraft kickback scandal,1980s–1990s,federal,procurement_corruption,defence,50000000,200000000,500000000,Defence procurement corruption; political careers ended; pure cash vs counterfactual aircraft unclear,7.5,9.0,8.0,8.07,weak,10309.3,6779.7,41.24,84.58,Agusta scandal history; court records summaries,Helicopters with a side order of party financing — NATO ally meets Italian envelopes.,Corruption premium hard to €-isolate.
43,hw_nid_notioneel,Notional interest deduction (NID) multi-year deadweight class,2006–2018+,federal,tax_expenditure,corporate_tax,15000000000,30000000000,50000000000,NID was multi-bn/yr at peak; multi-year sum highly uncertain after reforms; deadweight vs HQ attraction contested,9.5,7.5,6.0,8.03,weak,1546391.8,1016949.2,6185.57,12686.79,FPS taxex historical; academic literature on NID; EU state-aid scrutiny,Paper equity interest deduction that became a European tax-planning magnet.,Confidence weak on pure deadweight €; keep ranges wide.
44,hw_vdab_forem_dual,Triple PES architecture (VDAB/FOREM/Actiris + federal layer),1980s–2020s,multi,overhead-federalism,institutions,5000000000,10000000000,20000000000,Speculative multi-year dual/triple employment-service overhead vs single counterfactual — Weak,9.5,7.5,6.0,8.03,weak,515463.9,338983.1,2061.86,4228.93,Regional PES budgets; institutional analyses,Three public employment services and still the activation maze.,Language/federalism constraint; still cost.
45,hw_thuin_internat,Thuin Athénée boarding school complex offset by 1.5 m,1970s–1980s,FWB,infrastructure,buildings,5000000,15000000,40000000,Built off-grid by 1.5 m; unfinished; FWB left holding shell — Weak €,5.5,10.0,10.0,7.97,weak,773.2,508.5,3.09,6.34,RTBF JTI Thuin 2011,Offset the building by a metre and a half — then ran out of money to connect anything.,Comedy-grade purity 10.
46,hw_permit_denseness,Professional order / permit denseness entry barriers (deadweight),post-war–2020s,multi,regulation,institutions,5000000000,20000000000,50000000000,OECD product-market regulation deadweight speculative multi-year — Weak,9.5,7.0,6.0,7.88,weak,1030927.8,677966.1,4123.71,8457.86,OECD PMR; EU services directive BE implementation,"Need a stamp to compete — insiders smile, prices rise.",Indirect waste; sunrise reviews.
47,hw_plan_oxygene,Plan Oxygène Walloon municipal debt oxygen (borrowing for opex risk),2020s,Wallonia,ops,local_finance,500000000,1500000000,2000000000,Tranches hundreds of m€; requests toward ~€1.8bn class; structural opex risk,9.5,7.0,6.0,7.88,medium,77319.6,50847.5,309.28,634.34,DOGE lb_plan_oxygene_envelope; PW docs,Oxygen for commune cashflow — risk of permanent life support.,Stabilisation steelman; cliff 2027 risk.
48,hw_liege_tram,Liège tramway — cost overrun + availability payments,2010s–2020s,Wallonia,infrastructure,transport_capex,800000000,1200000000,1500000000,Original ~€558m class → higher with WAL top-ups; media ~€1.4bn incl. extensions; PPP availability ~€32m/yr to 2052,9.5,7.0,6.0,7.88,medium,61855.7,40678.0,247.42,507.47,Railway Gazette 2024; EIB/DIF notes; local press,A modern tram bought with PPP premiums after classic Belgian cost shock.,Tram may still beat buses long-run; waste is contract design + overrun.
49,hw_bpost_press,bpost press distribution concession (multi-year before 2027 end),2000s–2020s,federal,subsidy,media_postal,800000000,1500000000,2500000000,~€125m/yr class multi-year; ending 2027 rare cut path,9.5,6.5,6.0,7.73,strong,77319.6,50847.5,309.28,634.34,NBB; government phase-out; DOGE lb_bpost_press_concession,Paying a postal monopoly to deliver newspapers — until finally not.,Rare sunset; still multi-year cash burned.
50,hw_liege_metro_tunnel,Liège unused metro tunnel (La Batte / Saint-Léonard),1970s–1980s,Wallonia,infrastructure,ghost_infra,20000000,80000000,200000000,1970s tunnel for a metro that never opened; storage use later; era cost rebased poorly,5.5,9.5,9.5,7.70,weak,4123.7,2711.9,16.49,33.83,Defossé; RTBF JTI Liège metro 1986,A prototype metro car in a tunnel to nowhere — Walloon futurism paused forever.,Classic GTI; small vs banks but perfect purity.
51,hw_etterbeek_hospital,"Etterbeek hospital — built 1982, closed after months",1980s,Brussels,infrastructure,buildings,30000000,80000000,150000000,New hospital fused away almost immediately — Weak rebased €,5.5,9.5,9.5,7.70,weak,4123.7,2711.9,16.49,33.83,Defossé; RTBF JTI,"Opened the champagne, then the merger memo — hospital-shaped waste.",Extreme purity classic.
52,hw_rayon_soleil,Hôpital Rayon de Soleil (Montigny) — empty decades + fraud affair,1980s–2010s,Wallonia,infrastructure,buildings,20000000,60000000,120000000,"35,000 m² empty ~26y; fraud dimension — Weak €",5.5,9.5,9.5,7.70,weak,3092.8,2033.9,12.37,25.37,Defossé; RTBF JTI,A hospital shell and a crime file — public money and private capture.,Scandal + GTI hybrid.
53,hw_varsenare_bridges,Varsenare ghost motorway bridges (demolished 2012),1970s–2010s,Flanders,infrastructure,ghost_infra,5000000,15000000,40000000,Two bridges for Calais–Zeebrugge motorway never built; demolished — Weak €,5.5,9.5,9.5,7.70,weak,773.2,508.5,3.09,6.34,Defossé; Focus WTV demolition,Bridges over a railway to a highway that never arrived — then dynamite.,"Perfect absurdity, modest cash."
54,hw_strepy_dead_end_road,Strépy dead-end four-lane road to a field,1970s,Wallonia,infrastructure,ghost_infra,3000000,12000000,30000000,Next to famous boat lift — irony included free — Weak €,5.5,9.5,9.5,7.70,weak,618.6,406.8,2.47,5.07,Hidden Monuments,Next to a world-famous boat lift: a highway to a cabbage field.,Pure GTI.
55,hw_justice_palais_bru,Brussels Palace of Justice — endless renovation / scaffolding culture,1980s–2020s,federal,infrastructure,buildings,200000000,600000000,1500000000,Multi-decade scaffolding meme; cumulative reno bills fragmented — Weak,7.5,8.5,7.0,7.67,weak,30927.8,20339.0,123.71,253.74,Federal buildings; press palais justice scaffolding,"Europe’s largest law courts, permanently under tarpaulin.",Heritage + bureaucracy; still a fiscal drip.
56,hw_kortrijk_r8,Kortrijk R8 ring incomplete for 50+ years,1970s–2020s,Flanders,infrastructure,ghost_infra,50000000,150000000,400000000,Half-ring for decades; completion drip — Weak total historical,7.5,8.0,7.5,7.65,weak,7732.0,5084.7,30.93,63.43,Hidden Monuments dead-end viaduct; AWV history,A ring road that never quite ringed — 50 years of temporary forever.,Partial utility; completion still political.
57,hw_ffs_fossil_decade,Federal fossil-fuel subsidy inventory (10y class),2015–2025,federal,tax_expenditure,structural_fiscal,70000000000,100000000000,130000000000,FFS direct ~€10.8bn (2024) × ~10y illustrative; path varies; broad definition contested,9.5,7.0,5.0,7.62,medium,5154639.2,3389830.5,20618.56,42289.29,FPS 5th FFS inventory 2026; DOGE lb_ffs_direct_total,"Cheap fossil by tax design, then climate targets by other instruments — policy schizophrenia at scale.",Not all FFS lines are pure waste; many are price-support for heating/industry.
58,hw_eiwt_decade,EIWT partial remittance bedrijfsvoorheffing package (10y class),2015–2025,federal,tax_expenditure,structural_fiscal,30000000000,40000000000,50000000000,~€4.4bn/yr 2024 package × ~10y; night/shift/R&D clusters,9.5,7.0,5.0,7.62,strong,2061855.7,1355932.2,8247.42,16915.71,FPS taxex inventory; DOGE lb_eiwt_package,Night-shift and R&D wage tax discounts at multi-billion scale — additionality rarely proven at that scale.,Prefer base-rate reform over perpetual patchwork.
59,hw_provincial_layer,Provincial government layer ongoing cost (relevance debate),1830–2020s,multi,ops,institutions,10000000000,20000000000,40000000000,VL+WAL provinces multi-bn/yr combined opex/invest; pure waste = redundant share only — Weak,9.5,7.0,5.0,7.62,weak,1030927.8,677966.1,4123.71,8457.86,DOGE provincial snapshots 2026,A middle layer of government looking for a job description since 1830.,Some provincial services real; dual with communes/regions is the issue.
60,hw_covid_untargeted,COVID support packages — fraud + untargeted share,2020–2022,multi,crisis_fiscal,crisis_fiscal,5000000000,15000000000,30000000000,Total COVID fiscal multi-tens of bn; waste = fraud + clearly untargeted — Medium/Weak split,9.5,7.0,5.0,7.62,weak,773195.9,508474.6,3092.78,6343.39,NBB COVID fiscal; Court of Audit COVID support audits,Emergency money that sometimes found the wrong pockets and the wrong firms.,Speed steelman; design waste real.
61,hw_oosterweel,Oosterweelverbinding (Antwerp ring completion) — cost explosion path,2000s–2030s,Flanders,infrastructure,transport_capex,7000000000,12000000000,14000000000,Path ~€7bn → ~€10bn construction → ~€13.6bn financial-model class (2026 Rekenhof/press); pure ‘waste’ = overrun + financing risk not full mobility benefit,9.5,7.0,5.0,7.62,medium,618556.7,406779.7,2474.23,5074.71,VRT/Rekenhof 2026 Oosterweel financing; Lantis model notes,Necessary tunnel politics meets a bill that keeps climbing toward the grandchildren.,"Steelman: closes ring, cuts urban traffic. Waste claim is governance of cost/toll, not asphalt itself."
62,hw_energy_crisis_blanket,2021–23 energy-crisis blanket support (poor targeting share),2021–2023,federal+regions,subsidy,crisis_fiscal,5000000000,12000000000,20000000000,Total energy support packages multi-bn; pure waste = non-targeted share only — Medium/Weak split,9.5,7.0,5.0,7.62,weak,618556.7,406779.7,2474.23,5074.71,NBB/FPB crisis support tallies; FPS,Price shock real; writing cheques to everyone is the lazy instrument.,Steelman: social peace; waste is untargeted design.
63,hw_samusocial,Samusocial Brussels mismanagement scandal,2010s,Brussels,governance_scandal,local_capture,5000000,20000000,50000000,"Housing/allowance scandal for directors while serving homeless — cash small, trust cost huge",5.5,9.5,9.0,7.58,medium,1030.9,678.0,4.12,8.46,Press/court Samusocial; regional follow-up,A homeless charity with luxury housing for the wrong people.,Moral absurdity off the charts.
64,hw_anvaing_n60,N60 Anvaing unused four-lane embankment,1970s–1980s,Wallonia,infrastructure,ghost_infra,5000000,20000000,50000000,700m embankment + useless viaducts — Weak €,5.5,9.0,9.5,7.55,weak,1030.9,678.0,4.12,8.46,Hidden Monuments unused four-lane road,Four lanes of asphalt ambition ending in a ploughed field.,GTI photo classic.
65,hw_nmbs_ict_multi,NMBS multi-year ICT / punctuality programme overruns (cluster),2000s–2020s,federal,procurement,it_failure,300000000,800000000,2000000000,"Cluster of delayed ticketing, planning, customer IT; no single consolidated public TCO — Weak",7.5,8.0,7.0,7.53,weak,41237.1,27118.6,164.95,338.31,Court of Audit NMBS ICT reports (various years); parliamentary Qs,Railway software that arrives after the timetable it was meant to fix.,Core ops not waste; IT delivery is.
66,hw_strepy_thieu,"Strépy-Thieu boat lift — mega engineering, thin traffic",1980s–2000s,Wallonia,infrastructure,waterways,400000000,600000000,900000000,One of world’s tallest lifts; long build; traffic below 1960s industrial forecasts; tourism partially salvages,7.5,8.0,7.0,7.53,medium,30927.8,20339.0,123.71,253.74,Hidden Monuments; SPW; historical canal modernisation files,A cathedral of hydraulic engineering for a canal that never filled with barges.,Iconic; utility disputed; tourism co-benefit.
67,hw_dienstencheques_decade,Service vouchers (dienstencheques) multi-year fiscal cost,2004–2020s,federal+regions,subsidy,structural_fiscal,15000000000,25000000000,40000000000,Large recurring labour-market instrument; employment vs deadweight debated; multi-year TCO class,9.5,6.5,5.0,7.48,medium,1288659.8,847457.6,5154.64,10572.32,IDEA/FPB evaluations; regional budgets,Formalise domestic work with a fiscal booster rocket — forever.,Steelman: reduce black labour; waste is permanent subsidy intensity.
68,hw_godsheide_bridge,Godsheide cable-stayed bridge (local traffic only),1970s–1980s,Flanders,infrastructure,ghost_infra,20000000,50000000,120000000,Largest BE cable-stayed bridge for a road that never became the planned expressway — Weak €,5.5,9.0,9.0,7.42,weak,2577.3,1694.9,10.31,21.14,fr.wiki GTI; Defossé,Belgium’s grandest cable-stayed bridge… for neighbourhood traffic.,Pure GTI classic.
69,hw_n54_ghost,N54 Charleroi–Maubeuge unfinished dual carriageway stubs,1970s–1980s,Wallonia,infrastructure,ghost_infra,10000000,40000000,100000000,"Two stubs, unused bridge under N40 — Weak €",5.5,9.0,9.0,7.42,weak,2061.9,1355.9,8.25,16.92,Defossé; fr.wiki GTI,A border motorway that ends in the middle of nowhere — twice.,Waffle-iron cross-border ambition.
70,hw_heppignies_exchange,Heppignies oversized exchange to a roundabout in fields,1970s–1980s,Wallonia,infrastructure,ghost_infra,5000000,20000000,50000000,Half-cloverleaf for missing fourth arm — Weak €,5.5,9.0,9.0,7.42,weak,1030.9,678.0,4.12,8.46,fr.wiki GTI,Motorway geometry designed for a fourth arm that is a field.,Textbook GTI photo op.
71,hw_arquennes_bridge,Arquennes bridge for Nivelles–Gouy ghost motorway,1970s,Wallonia,infrastructure,ghost_infra,5000000,15000000,40000000,Bridge over A54 slip for missing link — Weak €,5.5,9.0,9.0,7.42,weak,773.2,508.5,3.09,6.34,fr.wiki GTI,A bridge ready for cars that never got a road.,GTI classic.
72,hw_wage_subsidy_wedge,Wage-subsidy / labour-tax wedge compensation stack (multi-year class),2000s–2020s,federal,tax_expenditure,structural_fiscal,80000000000,100000000000,150000000000,Illustrative multi-year TCO class: NBB enterprise wage-subsidy block ~€16.7bn/yr (2023/24 order); 6–10y cumulative for ranking comparability — NOT pure waste; deadweight share unknown,9.5,7.0,4.0,7.38,medium,5154639.2,3389830.5,20618.56,42289.29,NBB enterprise subsidies series; DOGE lb_wage_subsidies_block,Perpetual fiscal duct-tape for Europe’s highest labour tax wedge — the euro is real; how much is pure waste is the open fight.,"Steelman: high wedge needs offset. Waste claim is deadweight + complexity, not the whole envelope."
73,hw_ronquieres,Ronquières inclined plane — oversized for realised traffic,1960s–1970s,Wallonia,infrastructure,waterways,100000000,250000000,500000000,Replaces 16 locks; traffic forecasts optimistic; era cost rebased Weak,7.5,7.5,7.0,7.38,weak,12886.6,8474.6,51.55,105.72,Hidden Monuments; canal history,Sixteen locks replaced by a machine waiting for missing barges.,Still operates; capacity underused vs design.
74,hw_primary_gap_multi,Primary balance gap vs debt-stabilising path (multi-year class),2020s,federal+GG,fiscal_architecture,structural_fiscal,80000000000,100000000000,140000000000,IMF/NBB class ~€15–20bn/yr primary gap × multi-year; not a ‘project’ — the meta-waste of structural deficit,9.5,6.0,5.0,7.33,medium,5154639.2,3389830.5,20618.56,42289.29,IMF Art. IV; NBB public finance; DOGE lb_primary_gap,Interest and snowball: the silent multi-billion that funds past choices.,Not illegal spending; opportunity cost of delayed consolidation.
75,hw_health_low_value,Low-value care / billing waste in health insurance (subset),2000s–2020s,federal,ops,health,10000000000,25000000000,50000000000,RIZIV ~€40bn/yr; waste literature often 10–20% low-value care order-of-magnitude — Weak for BE-specific,9.5,6.0,5.0,7.33,weak,1288659.8,847457.6,5154.64,10572.32,RIZIV budgets; international low-value care literature,Universal care is a feature; paying for useless procedures is a bug.,Do not campaign as cut to access; target low-value only.
76,hw_offshore_wind_lifetime,Federal offshore wind production support (lifetime class),2010s–2030s,federal,subsidy,energy_policy,8000000000,12700000000,18000000000,NBB ESA + CREG cash paths; lifetime estimate class ~€12.7bn historically cited in DOGE notes,9.5,6.0,5.0,7.33,medium,654639.2,430508.5,2618.56,5370.74,NBB subsidies; CREG; DOGE lb_offshore_wind_support,Climate steelman is real; overprofit and contract design are the waste debate.,Later PEZ tenders improve; first-wave contracts residual.
77,hw_vat_horeca_decade,VAT reduced rate horeca (multi-year taxex),2010s–2020s,federal,tax_expenditure,structural_fiscal,8000000000,12000000000,15000000000,~€1.2bn/yr class × ~10y; employment RCT thin,9.5,6.0,5.0,7.33,strong,618556.7,406779.7,2474.23,5074.71,FPS taxex; DOGE lb_vat_horeca,Cheaper steak frites by statute — sector lobby with a VAT code.,Steelman: labour-intensive sector; waste is untargeted permanence.
78,hw_dual_psb_decade,Dual public broadcasters VRT + RTBF (10y ordinary dots class),2015–2025,multi,subsidy,institutions,5000000000,6500000000,8000000000,~€0.65bn/yr ordinary dual PSB × 10y; each may be justified alone — dualism is the waste claim,9.5,6.0,5.0,7.33,strong,335051.5,220339.0,1340.21,2748.80,DOGE lb_dual_psb; community budgets,Two full public broadcasters for 11 million people — linguistic federalism on screen.,Not ‘abolish culture’; score dual overhead.
79,hw_vl_carbon_leakage,Flanders CIE carbon-leakage compensation (multi-year),2010s–2020s,Flanders,subsidy,energy_policy,1500000000,2500000000,4000000000,~€0.25bn/yr class path; ~40 firms; invest audits delayed,9.5,6.0,5.0,7.33,strong,128866.0,84745.8,515.46,1057.23,VLAIO/FIO; DOGE lb_vl_carbon_leakage_cie,Pay heavy industry for EU-ETS power costs — additionality on a promise.,Steelman EU CIE; L5 names FOI.
80,hw_relance_vv_roi,Vlaamse Veerkracht / RRF project ROI mixed bag (subset risk),2021–2026,Flanders,multi-year_commitment,stimulus,1000000000,2000000000,4000000000,Programme larger; waste claim is low-ROI subset only — Weak split,9.5,6.0,5.0,7.33,weak,103092.8,67796.6,412.37,845.79,VL BO/relance docs; DOGE lb_relance_vv,EU recovery money spent fast — additionality and CBA uneven.,Not all waste; sunset + open list required.
81,hw_neerpede_a9,Neerpede / A9 ghost interchange earthworks,1970s,Brussels/Flanders,infrastructure,ghost_infra,10000000,40000000,100000000,Massive interchange for abandoned A9; some mounds later leisure (Yéti Ski) — Weak €,5.5,9.0,8.5,7.30,weak,2061.9,1355.9,8.25,16.92,Defossé; wegen-routes.be A9,Ski on the ruins of a motorway that politics killed — after earthworks.,Partial reuse softens purity slightly.
82,hw_ypres_comines_canal,Ypres–Comines canal incomplete (1864–1912),1860s–1910s,Flanders,infrastructure,ghost_infra,5000000,20000000,80000000,19th-c canal never joined; Hollebeke collapse; era francs → modern € speculative,5.5,8.5,9.0,7.28,weak,1030.9,678.0,4.12,8.46,fr.wiki canal; GTI list,Half a century of digging that never connected the water.,Historical; opportunity cost in period labour.
83,hw_charleroi_airport_aid,Charleroi airport public support / Ryanair state-aid saga,2000s–2010s,Wallonia,subsidy,airports,100000000,300000000,800000000,BSCA support + EC state-aid cases; multi-year — Medium/Weak,7.5,7.5,6.5,7.25,weak,15463.9,10169.5,61.86,126.87,EC Ryanair/Charleroi decisions; SOWAER notes,Low-cost airport growth with a state-aid courtroom sequel.,Jobs steelman; subsidy design was the problem.
84,hw_lavoir_peronnes,"Péronnes coal washery — short life, long empty, then renovated empty",1950s–2000s,Wallonia,infrastructure,industrial_shell,10000000,40000000,100000000,15 years operation; decades empty; public reno without reuse — Weak €,5.5,8.5,8.5,7.15,weak,2061.9,1355.9,8.25,16.92,RTBF JTI lavoir Péronnes,"Wash coal for 15 years, then renovate the ruin for nothing.",Industrial heritage vs zombie spend.
85,hw_drogenbos_exchange,Drogenbos partial ring exchange (half-demolished),1970s–1990s,Brussels,infrastructure,ghost_infra,10000000,30000000,80000000,Partial south ring works never completed; some bridges demolished — Weak €,5.5,8.5,8.5,7.15,weak,1546.4,1016.9,6.19,12.69,Defossé; R0 history,"Ring pieces built, then torn down — urban planning as temporary sculpture.",Classic Brussels ring politics.
86,hw_dolimarts,"Centre des Dolimarts — asylum plan fail, then decay sale",1960s–2010s,federal,infrastructure,buildings,5000000,20000000,50000000,Federal buy for asylum centre that never opened — Weak €,5.5,8.5,8.5,7.15,weak,1030.9,678.0,4.12,8.46,RTBF JTI Dolimarts,"Buy a holiday camp for asylum seekers, do nothing, sell a wreck.",Federal asset mismanagement vignette.
87,hw_antwerp_courthouse,Antwerp new courthouse (Gerechtsgebouw) cost overruns,2000s–2010s,federal,infrastructure,buildings,200000000,400000000,600000000,Iconic Rogers Stirk Harbour design; large overrun vs original envelope (press/parliamentary history) — Medium,7.5,7.5,6.0,7.12,medium,20618.6,13559.3,82.47,169.16,Federal buildings agency history; press archive on Antwerp law courts,A postcard courthouse that cost like a small metro line.,Building is used; waste is overrun + procurement model.
88,hw_bernistap_tunnel,"Bernistap canal tunnel (Meuse–Moselle dream, 1828–1831)",1820s–1830s,Wallonia,infrastructure,ghost_infra,2000000,10000000,40000000,Interrupted by Belgian independence; half-bored — Weak rebased €,5.5,8.0,9.0,7.12,weak,515.5,339.0,2.06,4.23,fr.wiki Tunnel de Bernistap,William I’s canal tunnel stopped by a revolution — and never restarted.,Geopolitical abort more than mismanagement.
89,hw_maribel_decade,Maribel social funds wage subsidies (10y class),2015–2025,federal,subsidy,structural_fiscal,10000000000,15000000000,20000000000,~€1.5bn/yr class × 10y; care jobs steelman; additionality open,9.5,6.0,4.0,7.08,strong,773195.9,508474.6,3092.78,6343.39,NBB; DOGE lb_maribel_social_funds,Non-market employment subsidies at billion scale — FTE outcomes under-published.,Not pure waste; transparency gap is.
90,hw_credendo_contingent,Credendo export-credit cover capacity (contingent public risk),2000s–2020s,federal,contingent_liability,financial_risk,5000000000,15000000000,33000000000,Cover capacity class up to ~€33bn contingent — not cash spent; expected loss much lower,9.5,6.0,4.0,7.08,medium,773195.9,508474.6,3092.78,6343.39,DOGE lb_credendo_cover_capacity_33bn; annual reports,Taxpayers as silent co-insurer of export risk — fine print in the billions.,Not spent cash; still public risk capital.
91,hw_actiris_growth,Actiris PES budget growth vs placement outcomes debate,2005–2020s,Brussels,agency,labour_market,3000000000,5000000000,8000000000,Current ~€0.65–0.69bn/yr; multi-year cumulative; headcount growth noted — not pure waste,9.5,6.0,4.0,7.08,medium,257732.0,169491.5,1030.93,2114.46,Actiris budgets; DOGE lb_actiris; Cour notes,A PES that grew with unemployment — dual-market Brussels complexity real.,Core service; efficiency claim is the waste angle.
92,hw_smaakhaven,Smaakhaven food innovation campus subsidy (Radar clown classic),2020s,Flanders,subsidy,vanity_project,30000000,38000000,50000000,Public envelope ~€38m class analysed in Proposal Radar,5.5,8.5,8.0,7.03,strong,1958.8,1288.1,7.84,16.07,Proposal Radar prop_2022_smaakhaven_38m; press,Food campus vibes with a fiscal bill you can taste in werkminuten.,Small vs banks; high absurdity density.
93,hw_nh90_a400m,NH90 / A400M defence programme delays & extra costs (BE share),2000s–2020s,federal,procurement,defence,300000000,800000000,1500000000,European co-op programmes chronic delay; BE share of overruns Medium/Weak,7.5,7.0,6.0,6.97,weak,41237.1,27118.6,164.95,338.31,Defence parliamentary docs; NAO-style BE notes,"Aircraft that arrive late, rare, and expensive — European industrial policy in uniform.",Capability eventually real; waste is delay/cost.
94,hw_hingeon_bridge,Hingeon bridge from cul-de-sac to a field over E42,1970s,Wallonia,infrastructure,ghost_infra,1000000,5000000,15000000,Bridge over motorway to nowhere — Weak €,3.5,9.5,10.0,6.92,weak,257.7,169.5,1.03,2.11,fr.wiki GTI; RTBF ponts inutiles,A bridge from a dead-end street to a field — over a motorway.,Absurdist perfection.
95,hw_mirwart_castle,Château de Mirwart — repeated failed public/private conversions,1970s–2010s,Wallonia,infrastructure,buildings,5000000,20000000,50000000,Hotel school / luxury hotel dreams; public money and delays — Weak €,5.5,8.0,8.0,6.88,weak,1030.9,678.0,4.12,8.46,RTBF JTI Mirwart,A castle that refused every business plan thrown at it.,Heritage hard; process waste real.
96,hw_liege_airport_cargo,Liège airport cargo growth public support stack,2000s–2020s,Wallonia,subsidy,airports,100000000,400000000,1000000000,Infrastructure + SOE support; noise externalities extra — Weak mid,7.5,7.0,5.5,6.85,weak,20618.6,13559.3,82.47,169.16,SOWAER; regional budgets; FOI candidates,Cargo boom paid partly off the public balance sheet — and local sleep.,Externalities under-priced.
97,hw_simonis_stations,Simonis / Pannenhuis stations closed then reopened decades later,1980s–2010s,federal,infrastructure,ghost_infra,10000000,40000000,100000000,"Built, closed 1984, reopened 2009/2015 — capital idle decades — Weak €",5.5,8.0,7.5,6.75,weak,2061.9,1355.9,8.25,16.92,Defossé; SNCB history,Stations so useless they closed — then useful enough to reopen. Time-value still lost.,Partial redemption lowers purity.
98,hw_berlaymont_asbestos,Berlaymont asbestos renovation (EU Commission HQ) — BE/EU shared path,1990s–2000s,multi/EU,infrastructure,buildings,500000000,800000000,1200000000,Multi-year closure & renovation classic overrun story; BE/EU financing mix — Medium,7.5,7.0,5.0,6.72,medium,41237.1,27118.6,164.95,338.31,EU/BE historical accounts; press on Berlaymont renovation,The Commission’s HQ sat empty while asbestos and invoices piled up.,Not pure BE bill; included for shared capital history.
99,hw_machelen_interchange,Machelen interchange unused ramps (later TGV partial use),1970s,Flanders,infrastructure,ghost_infra,20000000,60000000,150000000,E19–R0 monster interchange; part unused for decades; some later HSL use — Medium/Weak,5.5,8.0,7.0,6.62,weak,3092.8,2033.9,12.37,25.37,Defossé; Diabolo/HSL history,A cloverleaf for a motorway into Brussels that never punched through.,Partial later use reduces pure-waste score.
100,hw_taxex_total_decade,Federal tax expenditures total quantified (5–10y class),2018–2025,federal,tax_expenditure,structural_fiscal,150000000000,200000000000,280000000000,FPS inventory ~€39bn quantified (2023 class) × multi-year; many unquantified still; mega-aggregate not a single cut,9.5,5.0,3.0,6.53,strong,10309278.4,6779661.0,41237.11,84578.57,FPS tax expenditure inventory; DOGE lb_fed_taxex_total,Parliament’s deviation from the tax code is larger than many ministries — and still incomplete.,Map entry for scale; do not campaign as ‘€200bn pure waste’.
101,hw_nmbs_pso_decade,"NMBS PSO / federal support package (10y class, efficiency subset)",2015–2025,federal,ops,transport_opex,15000000000,20000000000,25000000000,~€2bn/yr class × 10y; pure waste is inefficiency/ICT/punctuality gap not full PSO,9.5,5.0,3.0,6.53,medium,1030927.8,677966.1,4123.71,8457.86,DOGE lb_nmbs_esa_support; ODC path,Public rail needs public money — the waste is how much disappears into delay and IT.,"Rank high on cash, low on purity."
102,hw_f35_path,F-35 replacement path — lifecycle cost lock-in debate,2018–2040s,federal,procurement,defence,4000000000,6000000000,10000000000,Acquisition + lifecycle class multi-bn; not pure waste — opportunity cost vs alternatives contested,9.5,5.0,3.0,6.53,medium,309278.4,203389.8,1237.11,2537.36,Defence Strategic Vision; parliamentary fighter debates,"Deterrence steelman vs sticker shock — on the list as fiscal lock-in, not automatic clown.",Low purity: core security good if delivered.
103,hw_de_lijn_efficiency,De Lijn multi-year dotatie efficiency gap (subset claim),2010s–2020s,Flanders,ops,transport_opex,2000000000,5000000000,10000000000,"Dotatie ~€1–1.5bn/yr; waste = efficiency gap only, not whole bus network — Weak split",9.5,5.0,3.0,6.53,weak,257732.0,169491.5,1030.93,2114.46,DOGE lb_de_lijn_dotatie; VL PQ series,Buses are not waste; running them badly can be.,Core service; KPI pressure is the reform.
104,hw_stib_efficiency,STIB multi-year financing efficiency + Metro3 spillover,2010s–2020s,Brussels,ops,transport_opex,2000000000,5000000000,10000000000,~€1.2bn/yr class; efficiency + capital project spillover — Weak pure-waste split,9.5,5.0,3.0,6.53,weak,257732.0,169491.5,1030.93,2114.46,DOGE lb_stib; Cour BCR,Dense city transit is valuable; blank cheques are not a strategy.,Link to Metro3 governance.
105,hw_perwez_bridge,Perwez bypass bridge unused; project buried 2019,2010s,Wallonia,infrastructure,ghost_infra,2000000,8000000,15000000,Bridge built; bypass cancelled; +€6.7m would have been needed — Medium/Weak,3.5,9.0,9.0,6.52,medium,412.4,271.2,1.65,3.38,RTBF/RTL Perwez 2017–2019,"Build the bridge first, cancel the road later — modern GTI.",Recent enough to still sting.
106,hw_diabolo,Diabolo rail link to Brussels Airport — surcharge model & cost,2000s–2010s,federal,infrastructure,transport_capex,500000000,800000000,1200000000,PPP-style airport rail; passenger surcharge funds debt; total project ~€0.5–1bn class depending on perimeter,7.5,6.0,4.0,6.17,medium,41237.1,27118.6,164.95,338.31,Infrabel/NMBS Diabolo dossiers; National Bank notes,"Useful airport rail paid forever via ticket surcharge — steelman works, opacity remains.",Not pure waste; on list for financing design + lock-in.
107,hw_wassalon,"Het Wassalon gelijke-kansen vodcast (tiny cash, max absurdity)",2020s,Flanders,subsidy,vanity_project,200000,800000,1000000,~€800k/3y class DOGE; annual ~€0.27m,1.5,9.5,9.0,5.78,strong,41.2,27.1,0.16,0.34,DOGE lb_vl_wassalon_podcast,A podcast so equal-opportunity it made the waste leaderboard on pure vibes-per-euro.,Honourable absurdity mention; not top by cash.
