source_id,title,url,publisher,accessed_date,source_class,notes
src_nbb_public_finance,NBB public finance / EDP statistics,https://www.nbb.be,National Bank of Belgium,2026-07-19,nbb,L0-L1 entry point
src_nbb_edp_2025_apr,NAI Government accounts 2025 EDP press release (Table 1),https://www.nbb.be/doc/dq/e/dq3/neco.pdf,National Accounts Institute / NBB,2026-07-20,nbb,"EDP 2026-04-20; interest 8581/8755/11677/13524/14282 m 2021-25; TE 347956m 2025; debt 107.9pct; raw nbb_edp_neco_2026_apr.pdf"
src_eurostat_gov_10a_main_te,Eurostat gov_10a_main total expenditure (TE) by sector Belgium,https://ec.europa.eu/eurostat/databrowser/view/gov_10a_main/default/table?lang=en,Eurostat,2026-07-19,eurostat,"API dataset gov_10a_main; unit MIO_EUR; na_item=TE; geo=BE; updated 2026-04-22; 2024-2025 provisional. Subsector TE must NOT be summed to S.13 (transfers double-count)."
src_vl_uitgaven_bo2026,Vlaanderen uitgaven begrotingsopmaak 2026,https://www.vlaanderen.be/departement-financien-en-begroting/begroting/in-cijfers/uitgaven,Departement Financiën en Begroting Vlaanderen,2026-07-19,budget,"Page states BO2026 uitgaven 66.0 miljard euro; last update 07/01/2026"
src_wallonie_budget_2025,Budget 2025 Région wallonne (SPW Finances),https://finances.wallonie.be/home/finances-wallonnes/budget-wallon/budget-2025.html,SPW Finances,2026-07-19,budget,"Initial 2025: dépenses 22029416000 EUR; recettes 21802469000 EUR"
src_riziv_budget_2025,RIZIV globale begroting ziekteverzekering 2025,https://www.riziv.fgov.be/nl/nieuws/de-begroting-van-de-ziekteverzekering-van-ruim-45-miljard-euro-in-2025-officieel-op-de-rails,RIZIV,2026-07-19,agency,"Global VGV budget ruim 45.222 bn EUR 2025"
src_riziv_underspend_2025,RIZIV uitgaven geneeskundige verstrekkingen 2025,https://www.riziv.fgov.be/nl/pers/riziv-uitgaven-voor-geneeskundige-verstrekkingen-blijven-in-2025-binnen-het-begrotingskader,RIZIV,2026-07-19,agency,"Authorized 39.712 bn; underspend 201.2 m"
src_riziv_budget_2026,RIZIV ziekteverzekering begroting 2026,https://www.riziv.fgov.be/nl/nieuws/de-begroting-van-de-ziekteverzekering-bedraagt-46-775-miljard-euro-in-2026,RIZIV,2026-07-20,agency,"Global VGV 46.775 bn; authorized care 40.986 bn; corrections 470.775 m; approved AR 2025-10-20"
src_fpb_budget_2027,FPB report federal budget analysis 2026-2027,https://www.plan.be/sites/default/files/documents/REP_BUDGET2027_13320_NL.pdf,Federaal Planbureau,2026-07-20,budget,"BOSA initial 2026: subsidies 7.9bn invest 6.5bn; Infrabel 17pct invest; cites NBB on NMBS/bpost; raw fpb_budget_2027.pdf"
src_vrt_nmbs_savings_663m,NMBS savings path 663m not 2.1bn,https://www.vrt.be/vrtnws/nl/2025/01/17/nmbs-besparingen-mr/,VRT NWS,2026-07-20,press,"Structural savings path 663m end legislature; 188m next year — corrects MR 2.1bn"
src_standaard_nmbs_personnel,NMBS personnel costs 1.34bn,https://www.standaard.be/economie/in-volle-besparing-krijgen-nmbs-en-infrabel-extra-pensioenfactuur-van-300-miljoen-euro/66881885.html,De Standaard,2026-07-20,press,"Personnel 1.34bn ~half of operating costs prior year"
src_strategic_vision_def_2025,Strategische Visie Defensie 2025 integral PDF,https://www.mil.be/media/ulunodln/strategische-visie-2025-integraal.pdf,Defensie / mil.be,2026-07-20,budget,"2pct GDP from 2025; 2.5pct 2034; capacity commit 33.784bn pay 24.661bn 2026-34; raw strategische_visie_defensie_2025.pdf"
src_defensenews_be_2025,Belgium defence 12.8bn 2025 and 34.8bn capacity plan,https://www.defensenews.com/global/europe/2025/07/21/belgium-to-add-f-35s-spend-billions-on-anti-air-in-defense-catch-up/,Defense News,2026-07-20,press,"12.8bn 2025 for 2pct GDP; capacity commitments 34.8bn class 2026-34"
src_sipri_be_2025,SIPRI Belgium military expenditure 2025,https://www.sipri.org/sites/default/files/2026-04/2604_milex_2025.pdf,SIPRI,2026-07-20,think_tank,"Belgium ~14.5bn USD 2025 ~2.0pct GDP (table)"
src_fps_ffs_2026,Federal inventory of fossil fuel subsidies 2026 EN summary,https://finance.belgium.be/sites/default/files/Statistieken_SD/Inventaris/FFS-ex%20summary-ENG-ed%202026_final.pdf,FPS Finance + FPS Health,2026-07-20,budget,"Pro diesel FFS 831.2m; company cars 3141.7m; direct FFS 10.78bn 1.7pct GDP; raw fps_ffs_inventory_2026_summary_en.pdf"
src_climat_pro_diesel_2021,Carbon energy pricing landscape pro diesel 905.8m 2021,https://climat.be/doc/landscape-carbon-energy-pricing-taxation.pdf,climat.be / FPS,2026-07-20,budget,"Revenue loss professional diesel 905.8m 2021; phase-down path noted"
src_pro_diesel_rates_2024_26,Professional diesel refund rates EUR/l 2024-2026,https://fastvat.com/belgium-excise-duty-refund-amounts/,FastVAT / payroll guides,2026-07-20,press,"0.1935 (2024) 0.1924 (2025) 0.1913 (2026) EUR/l — confirm vs FPS PDIE app"
src_fwb_budget_press_2025,FWB budget 2025 dépenses coverage,https://www.rtbf.be/article/federation-wallonie-bruxelles-le-budget-ajuste-pour-2025-valide-en-commission-du-parlement-11570580,RTBF / press class,2026-07-19,press,"~15 bn dépenses / 13.5 bn recettes; medium until decree primary source attached"

src_fps_taxex_inventory,Inventory of federal tax expenditures (XLSX portal page),https://finance.belgium.be/en/figures_and_analysis/figures,FPS Finance,2026-07-19,fps,Portal for inventory download
src_fps_taxex_xlsx,FPS inventory-of-federal-tax-expenditures.xlsx (downloaded),https://finance.belgium.be/sites/default/files/Statistieken_SD/Inventaris/inventory-of-federal-tax-expenditures.xlsx,FPS Finance,2026-07-19,fps,"Local copy docs/doge/data/raw/fps_taxex.xlsx; sheets PIT/CIT/WT/EIWT/VAT/EXC/NRT; latest year differs by sheet (PIT/WT 2026, EIWT/EXC 2024, CIT/VAT/NRT 2023); amounts EUR million in source"
src_vl_centenboekje_bo2026,Vlaamse begroting 2026 centenboekje Septemberverklaring,https://www.vlaamsparlement.be/sites/default/files/2025-09/BO2026_Centenboekje_Septemberverklaring.pdf,Vlaams minister van Begroting / Vlaams Parlement,2026-07-19,budget,"Local copy docs/doge/data/raw/vl_bo2026.pdf; Tables 4-1 VAK and 4-2 VEK per beleidsdomein constant policy; dated 22.09.2025"
src_vl_vrt_dotatie_pq,VRT basistoelage 2026 schriftelijke vraag Vlaams Parlement,https://docs.vlaamsparlement.be/pfile?id=2215524,Vlaams Parlement,2026-07-19,parliament,"Basistoelage 2026 = 296.400 kEUR per new BHO 2026-2030; corroborated Knack/HLN 296.4 mEUR"
src_vl_subsidieregister,Vlaams Subsidieregister portal,https://subsidieregister.vlaanderen.be,Vlaamse overheid,2026-07-19,open_data,L5 beneficiary hunt portal; no bulk top-N extract this tick
src_vl_openbaarheid_contact,Vlaanderen formeel verzoek openbaarmaking,https://www.vlaanderen.be/uw-overheid/werking-en-structuur/hoe-werkt-de-vlaamse-overheid/formeel-verzoek-om-openbaarmaking,Vlaamse overheid,2026-07-19,foi,"Team Openbaarheid: openbaarheid@vlaanderen.be; Herman Teirlinckgebouw Havenlaan 88 bus 20 1000 Brussel"
src_bt_cabinets_30pct,Brussels Times/Belga: 30pct cabinet cut saves ~21m EUR,https://www.brusselstimes.com/1444064/changing-the-course-belgian-government-to-reduce-ministerial-cabinet-expenses-by-30,Brussels Times / Belga quoting Van Peteghem,2026-07-19,press,"2025-02-14; implies ~70m baseline; FTE 838→586 cited via De Standaard"
src_fed_foi_ibz,Federal openbaarheid van bestuur portal,https://www.ibz.be/nl/openbaarheid-van-bestuur,FPS Interior,2026-07-19,foi,Online form channel for federal FOI
src_gent_ntgent_hln,HLN: Gent culture subsidies NTGent amounts,https://www.hln.be/gent/gent-verdeelt-cultuursubsidies-28-organisaties-krijgen-samen-bijna-8-miljoen-euro-per-jaar~a27e702a/,HLN,2026-07-19,press,"NTGent 2327728 werkings + 260000 investering; 28 orgs ~8m/year"
src_gent_cultuur_8m,Nieuwsblad/HLN Gent structural culture pot ~8m,https://www.nieuwsblad.be/regio/oost-vlaanderen/regio-gent/gent/wie-krijgt-wat-uit-de-pot-van-bijna-8-miljoen-euro-gentse-cultuursubsidies-en-wie-zijn-de-stijgers-en-dalers/153909007.html,Nieuwsblad,2026-07-19,press,Almost 8m for 28 organisations six-year decision
src_gent_cultuur_10m,Nieuwsblad: Gent culture subsidies cut to ~10m/year,https://www.nieuwsblad.be/regio/oost-vlaanderen/regio-gent/gent/gent-voorziet-minder-budget-voor-cultuursubsidies-maar-wel-60-miljoen-euro-om-cultuurhuizen-toegankelijker-te-maken/109902042.html,Nieuwsblad,2026-07-19,press,"1.4m cut; pot ~10m/year"
src_gent_mjp_120m,VRT: Gent MJP 120m annual operating savings,https://www.vrt.be/vrtnws/nl/2025/11/17/gent-meerjarenplan-definitief-besparingen-sanering-budgetten-beg/,VRT NWS,2026-07-19,press,"120m/year savings; 1bn investment multi-year"
src_gent_debt_nb,Nieuwsblad: Gent debt/income context,https://www.nieuwsblad.be/regio/oost-vlaanderen/regio-gent/gent/de-clercq-moet-stevig-bijsturen-om-gentse-financien-zuiniger-te-krijgen-stadsschuld-groeit-naar-12-miljard-euro/27528682.html,Nieuwsblad,2026-07-19,press,"~1.42bn income 2025 context; debt growth narrative"
src_gent_openbaarheid,Stad Gent openbaarheid van bestuur,https://stad.gent/nl/over-gent-stadsbestuur/over-stad-gent/openbaarheid-van-bestuur,Stad Gent,2026-07-19,foi,City FOI info page
src_dual_psb,VRT+RTBF dual public service broadcast dots,https://www.rapportannuelrtbf.be/finances/,RTBF annual report / VRT BHO,2026-07-19,agency,"RTBF dotation ordinaire 350.8 mEUR; VRT 296.4 mEUR from src_vl_vrt_dotatie_pq; dual NL/FR PSB"
src_rtbf_dot_2025,RTBF ordinary public dotation ~350.8m,https://www.rtbf.be/article/la-rtbf-adopte-un-plan-d-economies-de-132-millions-sans-licenciements-secs-11535417,RTBF / Galant statements,2026-07-19,press,"Base dotation ~350m class 2025; savings plan 132m over 2025-2028"
src_taxfound_company_cars_2024,Tax Foundation Europe: company cars cost Belgium most,https://taxfoundation.org/research/all/eu/company-cars-tax-expenditures-europe/,Tax Foundation Europe,2026-07-19,think_tank,"Cites EUR 2.3bn tax expenditures 2024 BE; 0.37% GDP; 3.2% federal TE; 13.2% labour TE; source chain includes EU Commission data — treat as strong secondary"
src_wal_budget_2026_cp,Budget wallon initial 2026 communique gouvernement,https://www.wallonie.be/fr/acteurs-et-institutions/wallonie/gouvernement-de-wallonie/communiques-presse/2025-10-20,Gouvernement wallon,2026-07-19,budget,"Structural savings 270m 2026; facultative subsidies -8m; 2025 savings 268m"
src_awex_76m,AWEX budget constant 76m feuille de route 2026-2029,https://trends.levif.be/entreprises/nouvelle-feuille-de-route-2026-2029-pour-lawex-efficacite-et-recentrage-sur-les-priorites-wallonnes/,Trends / Le Vif,2026-07-19,press,"AWEX 76 mEUR constant without indexation"
src_tec_45m,OTW/TEC Wallonie 45m budget context,https://www.canopea.be/le-budget-du-tec-grande-inconnue-de-la-legislature/,Canopea,2026-07-19,press,"45 mEUR cited for OTW in 2025 budget discussion — medium"
src_wal_ape_83m,APE savings order of magnitude budget 2026,https://www.rtbf.be/article/accord-au-gouvernement-wallon-sur-le-budget-2026-l-heure-des-choix-est-arrivee-11619128,RTBF / budget coverage,2026-07-19,press,"Employment aid APE large share of 270m package; 83m understatement pending table"
src_actiris_budget_2026,Actiris budget 727m to 689m,https://www.bruxellestoday.be/economie/actirs-budget-finalement-accepte.html,BruxellesToday / Le Soir,2026-07-19,press,"2025 727m then 689m after 38m cut Apr 2026"
src_vdab_savings,VDAB accelerated savings 40m 2027,https://www.hln.be/binnenland/vdab-moet-sneller-besparen-40-miljoen-euro-in-2027~aeaebcde/,HLN,2026-07-19,press,"40m 2027 vs 20m prior plan"
src_vdab_10pct,VDAB ~10pct budget cut / 79m figure,https://visie.net/de-gids-artikel/waarom-bespaart-vlaanderen-op-goed-loopbaanbeleid,Visie / ACV,2026-07-19,press,"Implies order ~790m total if 10pct~79m — medium"
src_middleman_note,DOGE doctrine note middleman systems,docs/doge/notes-middleman-systems.md,AIpolitics,2026-07-19,internal,"Cheque economy + union unemployment payment architecture"
src_meal_voucher_3bn,Meal voucher market ~3bn/year industry claim,https://www.linkedin.com/posts/jurgeningels_15-years-of-silence-over-belgium-activity-7438184620082282497-iczA,Industry / FOD Economie issuer context,2026-07-19,press,"~3m people EUR 3bn/year market volume — not TE"
src_ecocheque_rules,Eco-cheques max 250/yr tax free SSC exempt,https://boundlesshq.com/blog/running-payroll-in-belgium/,Payroll guide Boundless,2026-07-19,secondary,"Rules summary; abolition discussed under De Wever gov — verify legislation"
src_meal_voucher_2026_rules,Meal voucher max EUR 10 from 2026,https://www.partena-professional.be/en/our-insights/infoflashes/final-go-ahead-meal-vouchers-worth-10-eur-2026,Partena Professional,2026-07-19,secondary,"Employer contrib max 8.91 + employee 1.09; SSC/tax exempt if conditions met"
src_meal_voucher_fiscal_1_4bn,Meal vouchers fiscal cost ~1.4bn/yr (thesis via De Standaard),https://www.standaard.be/economie/als-werkgevers-een-maximale-maaltijdcheque-uitreiken-kost-dat-de-schatkist-1-miljard-euro/43398683.html,De Standaard citing Sofie De Coster thesis,2026-07-19,press,"Thesis estimate yearly fiscal cost 1.4bn; +1bn scenario if max meal voucher expanded — medium secondary"
src_oosterweel_7_2bn,Oosterweel total cost ~7.2bn euro,https://www.vrt.be/vrtnws/nl/2024/06/24/oosterweelwerken-7-2-miljard/,VRT NWS,2026-07-20,press,"Total project cost 7.2 billion euros; multi-year infrastructure"


src_hulpkas_budget_2025,Hulpkas budget 2025 EUR 6.084m,https://www.hvwrva.be/nl/over-de-hulpkas/budget,Hulpkas van de Werkloosheidsuitkeringen,2026-07-19,agency,"Official page: 2025 budget 6.084.000 EUR"
src_unemp_pay_channels,Belgium unemployment payment via unions + Hulpkas,https://www.rva.be,RVA / institutional fact,2026-07-19,agency,"Architecture: union payment funds or Hulpkas; unit costs by channel TBD FOI"
src_ccrek_bru_2026,Cour des comptes budgets RBC 2026 report,https://www.ccrek.be/sites/default/files/Docs/2026_17_BudgetsRBC2026.pdf,Cour des comptes,2026-07-19,audit,"SGRBC 8.0/8.9bn; SEC -956.6m; STIB prog 1.167619bn +51.3m; PPI 591.5-724.4m 2026-29; cut 964.6m; raw ccrek_bru_budget_2026.pdf"
src_stib_rf_2024,STIB rapport financier 2024,https://www.stib-mivb.be/files/live/sites/STIBMIVB/files/Corporate/STIB_RF_fr-compressed.pdf,STIB-MIVB,2026-07-20,agency,"Intervention RBC fonctionnement 546.086m 2023 / 633.118m 2024; invest prog 475m 2024; raw stib_rf_2024.pdf"
src_stib_rf_2025,STIB rapport financier 2025,https://www.stib-mivb.be/files/live/sites/STIBMIVB/files/Corporate/Rapport%20annuel/Rapport%20annuel%202025/STIB_RF_FR.pdf,STIB-MIVB,2026-07-20,agency,"Intervention RBC fonctionnement 642.484m 2025; capital grants 348.9m; invest 427.4m; raw stib_rf_2025.pdf"
src_stib_deficit_press_2025,STIB deficit 125m after subsidy cut 65m press,https://www.bruzz.be/mobiliteit/stib-zwarte-sneeuw-zwarte-cijfers-2025-06-18,Bruzz / STIB press class,2026-07-20,press,"2025 deficit ~125m after regional subsidy cut 65m; secondary"














src_data_gov_be,Belgian open data portal,https://data.gov.be,data.gov.be,2026-07-19,open_data,Discovery of datasets
src_ccrek,Court of Audit Belgium,https://www.ccrek.be,Rekenhof,2026-07-19,audit,
src_vlaanderen_begroting,Vlaanderen begroting (portal),https://www.vlaanderen.be,Vlaamse overheid,2026-07-19,budget,Sprint 3
src_oecd_taxing_wages,OECD Taxing Wages,https://www.oecd.org,OECD,2026-07-19,oecd,Context not direct spend line
src_antwerp_mjp_2026,Antwerp MJP 2026-2031 official press,https://pers.antwerpen.be/allemaal-antwerpenaar-stadsbestuur-presenteert-meerjarenplan-2026-2031,Stad Antwerpen,2026-07-20,budget,"Invest 2.4bn/6y; opex 2.2-2.4bn; revenue 2.3-2.5bn"
src_antwerp_gemeentefonds,Antwerp Gemeentefonds 807m,https://www.hln.be/antwerpen/in-totaal-bijna-3-miljard-euro-voor-alle-vlaamse-gemeenten-waarom-antwerpen-bijna-miljard-euro-uit-gemeentefonds-krijgt~a2a9a95c/,HLN,2026-07-20,press,"807244511 EUR Gemeentefonds"
src_toneelhuis_city_2_74m,Toneelhuis city subsidy 2.74m/yr,https://www.vrt.be/vrtnws/nl/2022/05/17/toneelhuis-in-antwerpen-dreigt-subsidies-te-verliezen-we-vecht/,VRT NWS,2026-07-20,press,"2.74m city until 2025 — may need update"
src_antwerp_safety_fifth,Antwerp safety ~1/5 budget,https://antwerpen.pvda.be/nieuws/meerjarenplan-dit-stadsbestuur-kiest-niet-voor-de-antwerpenaar,PVDA Antwerpen,2026-07-20,press,"Secondary political analysis ~400m+ safety domain"
src_bosa_toelagenregister_2025,Federal toelagenregister launch 2025 totals,https://bosa.belgium.be/nl/themas/begroting-en-boek-houding/toelagen/federaal-register-van-financiele-overdrachten,BOSA / VRT,2026-07-20,budget,"8993 items; 179.916 bn EUR federal transfers 2025; facultative ~900m; cut -200m by 2029"
src_vrt_toelagenregister,VRT report federal toelagenregister Van Peteghem,https://www.vrt.be/vrtnws/nl/2026/07/17/toelagenregister-federale-regering-vincent-van-peteghem-politiek/,VRT NWS,2026-07-20,press,"Cites official register totals and NMBS lookup claim"
src_nmbs_results_2025,NMBS financial and operational results 2025,https://press.nmbs.be/resultaten-2025,NMBS press,2026-07-20,agency,"EBITDA 54.2m; debt 1.532bn; rail savings 675m 2025-29; state exploitatievergoeding referenced without EUR total"
src_bt_rail_cuts_2026,SNCB 60pct of 100m rail cuts 2026,https://www.brusselstimes.com/1919525/sncb-to-bear-60-of-planned-public-cuts-this-year,Brussels Times / Belga,2026-07-20,press,"2026 railway budget cuts 100m: SNCB 60% Infrabel 40%"
src_delijn_results_2025,De Lijn results 2025 financial challenges 2026,https://delijn.prezly.com/goede-resultaten-voor-de-lijn-in-2025-grote-financiele-uitdagingen-in-2026,De Lijn press,2026-07-20,agency,"Dotatie -27.5m 2025; e-bus 400m; surplus 20k; hefbomen 45m; imposed 35.5m; fare control target 50m 2026; 372.9m passengers"
src_delijn_dotatie_1_14bn,De Lijn dotatie 1.14bn prior year (press),https://www.nieuwsblad.be/politiek/hoe-duur-wordt-een-busticket-nu-de-lijn-zelf-de-prijs-mag-bepalen-eigenlijk-moet-eerst-de-kwaliteit-omhoog/55545600.html,Nieuwsblad,2026-07-20,press,"Oct 2024 article: dotatie vorig jaar 1.14bn — treat as 2023 medium secondary"
src_delijn_jaarverslag_2025_url,De Lijn integrated annual report 2025 PDF link,https://downloads.ctfassets.net/32fmeyn9t08i/2ygSgKCSmLEVskZr295Ucn/d792e6fcfa4546162b97842479d9b7e7/De_Lijn-Ge%C3%AFntegreerd_jaarverslag_2025.pdf,De Lijn,2026-07-20,agency,"Linked from 2025 results press; download blocked 403 this tick — FOI/manual parse next"
src_nbb_subsidies_ent_2025,NBB Economic Review 2025/9 subsidies investment grants enterprises,https://www.nbb.be/doc/ts/publications/economicreview/2025/ecorevi2025_h09.pdf,NBB,2026-07-20,nbb,"Godefroid et al.; 25.1bn 2024; local copy docs/doge/data/raw/nbb_subsidies_enterprises_2025.pdf"
src_nbb_subsidies_ent_press,NBB press NL subsidies ondernemingen hoog,https://www.nbb.be/nl/nieuws-en-evenementen/nieuws/zijn-de-subsidies-voor-ondernemingen-hoog-belgie,NBB,2026-07-20,nbb,"~25bn 2024 = 4% GDP; two-thirds wage subsidies; +1.5pp GDP vs neighbours"
src_rekenhof_bv_2023,Court of Audit follow-up BV remittance exemptions Dec 2023,https://www.ccrek.be/sites/default/files/Docs/2024_01_VrijstellingenStortingBedrijfsvoorheffing.pdf,Rekenhof,2026-07-20,audit,"3.9bn 2021 fiscal cost; control gaps R&D; local raw rekenhof_bv_doorstorting_2024.pdf"
src_liege_budget_ord_2026,Ville de Liège budget service ordinaire 2026 PDF,https://www.liege.be/fr/vie-communale/services-communaux/gestion-financiere/budget/telechargements/budget-ordinaire-2026.pdf,Ville de Liège,2026-07-20,budget,"Ord exp 685.6m rev 710.2m; OPRL 795k Opera 428k Theatre 263k; raw liege_budget_ordinaire_2026.pdf"
src_bpost_press_125m,Belgium scrap newspaper distribution subsidies 125m/yr from 2027,https://www.thebulletin.be/belgium-scrap-subsidies-newspaper-distribution-2027,The Bulletin / Belga,2026-07-20,press,"Govt: scrap saves 125m/yr from 2027; bpost relied on 125m funding; was reduced from 175m"
src_bpost_analyst_4q23,bpostgroup analyst presentation 4Q23,https://bpostgroup.com/sites/default/files/2024-03/bpostgroup%20Analyst%20Presentation%204Q23.pdf,bpostgroup,2026-07-20,agency,"Concession extend to 30 Jun 2024 budget 75.0m; overcomp provision 82.5m; raw bpost_analyst_4q23.pdf"
src_bpost_press_rev_drop_2024,bpost press revenue drop estimate 2024,https://bpostgroup.com/sites/default/files/2024-07/bpostgroup_press-and-fy24-outlook_transcript.pdf,bpostgroup,2026-07-20,agency,"~50m lower press revenues 2024 vs 2023 of which ~35m less favourable concession/contracts"
src_rekenhof_offshore_2023,Court of Audit offshore wind parks Nov 2023,https://www.ccrek.be/sites/default/files/Docs/2023_46_OffWinPar.pdf,Rekenhof,2026-07-20,audit,"3.41bn prod + 0.209bn connect to end-2021; 12.68bn lifetime est; 989.6m degressivity; raw rekenhof_offshore_wind_2023.pdf"
src_creg_ar_2023,CREG annual report 2023 NL,https://www.creg.be/sites/default/files/assets/Publications/AnnualReports/CREG-AR2023-NL.pdf,CREG,2026-07-20,regulator,"Offshore support cost 2023 = 179.4m; production 8020 GWh; raw creg_ar_2023.pdf"
src_brugge_mjp_2026,Stad Brugge MJP 2026-2031 Boekdeel 1-2,https://www.brugge.be/sites/default/files/2025-11/Meerjarenplan%202026-2031%20Boekdeel%202.pdf,Stad Brugge,2026-07-20,budget,"Consolidated exp 483.6m opex 399.9m invest 70.0m 2026; nominative subsidies list; raw brugge_mjp_2026_2031_bd*.pdf"
src_charleroi_budget_2026_press,Charleroi budget 2026 council reporting Télésambre,http://www.telesambre.be/info/politique/charleroi-valide-son-budget-2026-au-conseil-communal/77164,Télésambre,2026-07-20,press,"Recettes propres 2025 577.9m; 4P transfers 240.3m; invest borrow 20m; Oxygène context"
src_charleroi_budget_567m,Charleroi budget 2026 ~567m balanced press,https://www.rtbf.be/article/charleroi-adopte-son-budget-2026-et-s-inquiete-pour-l-avenir-11649014,RTBF / press,2026-07-20,press,"Cuts ~40m; 4P half of budget path; 567m class from secondary press"
src_charleroi_pba_7_6m,Charleroi PBA renovation 7.6m subsidy request,https://www.sudinfo.be/id1067023/article/2025-11-13/la-ville-de-charleroi-demande-une-subvention-de-76-millions-deuros-pour-la,Sudinfo,2026-07-20,press,"City requests 7.6m for PBA technical renovation — higher-tier grant"
src_nbb_proj_jun2026,NBB macroeconomic projections Belgium June 2026,https://www.nbb.be/en/publications-research/publications/economic-and-financial-publications/macroeconomic-projections,National Bank of Belgium,2026-07-20,nbb,"Debt %GDP 107.9/111.3/112.9/114.8 for 2025-28; deficit -5.2 to -5.7; cut-off 22 May 2026; press moderate-growth-rising-budget-deficit"
src_nbb_proj_jun2026_press,NBB press Jun 2026 moderate growth rising deficit,https://www.nbb.be/en/news-events/news/moderate-growth-and-rising-budget-deficit-belgium-continues-struggle-its-public,National Bank of Belgium,2026-07-20,nbb,"Debt close to 115% GDP 2028; deficit 5.2→5.7% 2025-28"
src_fpb_outlook_2025_2030,FPB Economic outlook 2025-2030 June 2025 press,https://www.plan.be/en/publications/belgiums-economic-outlook-2025-2030-indicates,Federaal Planbureau,2026-07-20,budget,"Deficit 5.4% 2025 then to 6.5% by 2030; debt ~120% GDP by 2030; pre-dates NAI 107.9 outturn"
src_nbb_proj_jun2025,NBB economic projections June 2025 (pre-outturn),https://www.nbb.be/en/news-events/news/belgian-economy-projected-grow-around-1-annually-coming-years-and-budget-deficit,National Bank of Belgium,2026-07-20,nbb,"Older path: debt 103.2/104.7/106.5/109.8/112.7 for 2023-27e; superseded for 2025 by EDP 107.9"
src_vl_bo2026_vote,Begrotingsopmaak 2026 gestemd Vlaams Parlement,https://www.vlaanderen.be/departement-financien-en-begroting/nieuwsberichten/begrotingsopmaak-2026-gestemd-door-het-vlaams-parlement,Departement Financiën en Begroting Vlaanderen,2026-07-20,budget,"Uitgaven 66.0 bn; ESR saldo -2.9 bn; voted Jan 2026"
src_vl_eval_bo2026,Evaluatierapport begrotingsopmaak 2026 Vlaanderen,https://publicaties.vlaanderen.be/view-file/81760,Vlaamse overheid publicaties,2026-07-20,budget,"VEK 66.03bn BO2026 vs 66.47bn BA2025; VAK 64.75 vs 65.16; -1.01bn vs constant policy 67.05bn"
src_vl_onderzoek_bo2026,Onderzoek Vlaamse begroting 2026 (Themis),https://themis.vlaanderen.be/files/59ccdd20-c920-11f0-9019-e7e62dc5a47e/download,Vlaamse overheid / Rekenhof class,2026-07-20,budget,"ESR receipts 61.6bn uitgaven 66.0bn BO2026"
src_bda_review_2025_2026,Belgian Debt Agency Review 2025 Outlook 2026,https://www.debtagency.be/sites/default/files/content/download/files/review_outlook_2025_2026_0.pdf,Belgian Debt Agency,2026-07-20,agency,"Federal gross debt 518.68→552.69 bn 2024-25; avg life 10.38→9.98y; OLO 462.8; raw bda_review_outlook_2025_2026.pdf"
src_bda_homepage_2026,Belgian Debt Agency homepage key data,https://www.debtagency.be/en,Belgian Debt Agency,2026-07-20,agency,"Federal debt 30.06.2026 567615455961 EUR; 10y rate 3.67%"
src_bda_borrow_2026,BDA Borrowing Requirements Funding Plan 2026,https://news.belgium.be/sites/default/files/news-items/attachments/2025-12/Borrowing_requirements_2026.pdf,Belgian Debt Agency,2026-07-20,agency,"Gross 59.55bn net 26.37bn redemptions 28.00bn OLO 51.60bn plan 2026 (search extract; news.belgium PDF 403 this tick)"
src_imf_artiv_2025,IMF Belgium 2025 Article IV staff report,https://www.imf.org/-/media/files/publications/cr/2026/english/1belea2026001-source-pdf.pdf,IMF,2026-07-20,think_tank,"Primary ~3.1ppt below debt-stabilising PB of +0.3% GDP; structural primary deficit 2.9% 2025; overall -5.2%; recommend deficit ~3% by 2030"
src_nbb_debt_sustain_2025,NBB Economic Review 2025/11 Is Belgium public debt sustainable,https://www.nbb.be/doc/ts/publications/economicreview/2025/ecorevi2025_h11.pdf,National Bank of Belgium,2026-07-20,nbb,"Debt dynamics: snowball (r-g)*debt - primary; r>g needs primary surplus to stabilise; raw nbb_ecorevi_2025_h11.pdf"
src_ec_forecast_be_2026,EC Spring 2026 economic forecast Belgium,https://economy-finance.ec.europa.eu/economic-surveillance-eu-member-states/country-pages-including-country-reports/belgium/economic-forecast-belgium_en,European Commission,2026-07-20,eu,"Deficit 5.2% 2025/26 then 5.4% 2027; debt 107.9→110.5→112.8; MTFSP structural primary +2.4pp 2025-29 plan"
src_ccrek_vl_ba2026,Rekenhof onderzoek aanpassing Vlaamse begroting 2026,https://www.ccrek.be/sites/default/files/Docs/2026_28_VlaamseBegroting2026A1.pdf,Rekenhof / Cour des comptes,2026-07-20,court_audit,"BA2026: exp 67.1/rec 62.2/saldo -3.6; debt Table14 50.172→56.971bn; direct 42.4→49.8bn; ratio 91.6pct receipts; raw ccrek_vl_ba2026.pdf"
src_vl_parl_ba2026,Vlaams Parlement verslag begrotingsaanpassing 2026,https://docs.vlaamsparlement.be/files/pfile?id=2347447,Vlaams Parlement,2026-07-20,parliament,"Saldo vs doelstelling -2.18bn; receipts +665m; VAK +3.034bn VEK +1.081bn; OV/WVG tops; raw vl_parl_ba2026_verslag.pdf"
src_be_mtfsp_2025,Belgium national medium-term fiscal-structural plan 2025-2029,https://economy-finance.ec.europa.eu/document/download/9aafb902-d754-4b8e-a202-1848cda5a4bb_en?filename=national_medium-term_fiscal-structural_plan_belgium_en.pdf,Belgian authorities / EC host,2026-07-20,budget,"SPB -1.8→+0.6 2025-29 (+2.4pp); net exp growth 3.6→2.1 avg 2.56%; deficit to -3.0 2029; raw be_mtfsp_2025_2029.pdf"
src_council_rec_be_mtfsp,Council Recommendation 20 Jun 2025 endorsing Belgium MTFSP,https://eur-lex.europa.eu/legal-content/EN/TXT/PDF/?uri=OJ:C_202503698,Council of the EU,2026-07-20,eu,"Endorses net expenditure path; 7-year adjustment; raw council_rec_be_mtfsp_2025.pdf"
src_ec_country_report_be_mtfsp,EC country report Belgium MTFSP +2.4pp structural primary,https://economy-finance.ec.europa.eu/economic-surveillance-eu-member-states/country-pages-including-country-reports/country-report-belgium_en,European Commission,2026-07-20,eu,"Plan implies SPB improvement 2.4pps 2025-2029; further consolidation still needed vs rising debt"
src_hrf_mtfsp_split_2025,HRF advies verdeling MTFSP April 2025 (verdeelsleutel 3),https://hogeraadvanfinancien.be/sites/default/files/publications/hrf_fin_advies_2025_04.pdf,Hoge Raad van Financiën,2026-07-20,budget,"Entity I/II net exp growth caps; sleutel3=share final primary exp+own receipts; raw hrf_mtfsp_verdeling_2025.pdf + synth"
src_apr_2026_belgium,Belgium Annual Progress Report 2026,https://bosa.belgium.be/sites/default/files/publications/documents/APR%202026%20report%20nl-fr_.pdf,BOSA / Belgian authorities,2026-07-20,budget,"Samenwerkingsakkoord: current plan uses HRF sleutel3; fallback binding targets; defence NEC to federal; raw apr_2026_belgium.pdf"
src_overleg_governance_2026,Overlegcomité samenwerkingsakkoord economische governance 2026,https://www.vlaanderen.be/vlaamse-regering/beslissingen-van-de-vlaamse-regering/samenwerkingsakkoord-economische-governance,Overlegcomité / Vlaamse Regering,2026-07-20,budget,"Overlegcomité 27 Mar 2026 draft SWA; VL Regering 8 May principal OK decree; SERV+RvS advice; replaces 2013 SWA"
src_kamer_entity1_control_2026,Kamer 56K1468 Entity I controlerekening tables,https://www.lachambre.be/flwb/pdf/56/1468/56K1468001.pdf,Kamer van volksvertegenwoordigers,2026-07-20,budget,"Table9-10: EntityI net exp 190.3/196.9bn; control dev +1.5/-1.3bn; after defence flex -0.30/-0.71pct GDP; raw kamer_1468_entity1_2026.pdf"
src_serv_swa_2026,SERV advies instemming SWA economische governance,https://www.serv.be/serv/publicatie/advies-instemming-samenwerkingsakkoord-economische-governance,SERV,2026-07-20,agency,"Jun 2026 advice on Flanders assent decree — confirms SWA still in assent pipeline"
src_vl_eval_bo2026_netexp,Evaluatierapport/SERV BO2026 Table10 Flanders net exp path,https://docs.vlaamsparlement.be/pfile?id=2276244,Vlaams Parlement / SERV class,2026-07-20,budget,"Table10: net exp 62.036→60.761bn after DRM; growth -2.1% vs HRF 2.17%; margin -4.23pp; raw vl_eval_bo2026.pdf"
src_wallonie_expgen_2026,Wallonie Exposé général budget initial 2026,https://finances.wallonie.be/files/Budget%202026/Budget%202026/expose/ExpGen.pdf,SPW Finances / Région wallonne,2026-07-20,budget,"Dépenses 21.335748bn recettes 18.515734bn SEC -2.015736bn; net primary -2.09% vs 0.92%; raw wallonie_expgen_2026.pdf"
src_wallonie_budget_press_2026,Budget wallon initial 2026 communiqué gouvernement,https://www.wallonie.be/fr/acteurs-et-institutions/wallonie/gouvernement-de-wallonie/communiques-presse/2025-10-20,Gouvernement de Wallonie,2026-07-20,budget,"SEC -2.015bn; économies 270m; synthèse dépenses 21.327bn class (ExpGen more precise)"
src_fwb_elements_cles_2026,FWB éléments-clés budget initial 2026 DGBF,https://budget-finances.cfwb.be/budget-et-comptabilite/elements-cles-du-budget-annuel/,Ministère FWB Budget et Finances,2026-07-20,budget,"Dépenses 15.406879bn recettes 13.602bn SEC -1.608bn; edu 10.929bn; 2026 initial"
src_fwb_ajuste_press_2026,FWB ajustement budgétaire 2026 communiqué gouvernement,https://gouvernement.cfwb.be/home/presse--actualites/communiques-de-presse/presses/ajustement-budgetaire-2026-cap-confirme.html,Gouvernement FWB,2026-07-20,budget,"Adjusted 2026: recettes 13.67bn dépenses 15.59bn deficit 1.77bn; +160m vs initial 1.61; effort 500m to 2029"
src_pw_otw_pq_596,Parlement Wallonie QE 596 OTW CSP financing Henry Apr 2024,https://www.parlement-wallonie.be/pwpages?p=interp-questions-voir&type=28&iddoc=127969,Parlement de Wallonie / Ministre Henry,2026-07-20,parliament,Minister: OTW financing 960m 2024; 1003m 2028 indexation; invest 1.586bn 2024-28; +200m jump 2023-24
src_ccrek_rw_2024a2025i,Cour des comptes RW budget ajuste 2024 et initial 2025,https://www.ccrek.be/sites/default/files/Docs/2024_63_BudgetRW_2024A2025I.pdf,Cour des comptes,2026-07-20,court_audit,OTW recettes 1088.8m dep 1200.6m BI2025; prog 14.045 CL 861.053m 2025; SEC OTW -139.4m; raw ccrek_budget_rw_2024a2025i.pdf
src_dolimont_budget_2025_otw,Budget wallon 2025 Dolimont OTW +45m,https://dolimont.wallonie.be/home/communiques-de-presse/communiques-de-presse-du-ministre-president/presses/budget-wallon-2025-transparence-et-responsabilite.html,Gouvernement wallon / Dolimont,2026-07-20,budget,OTW means +45m EUR 2025 vs 2024 hors PRW; transition year efficiency
src_desquesnes_csp_otw_2025,Desquesnes note orientation CSP TEC OTW 2026-2029,https://desquesnes.wallonie.be/home/communiques-de-presse/presses/le-futur-contrat-de-service-public-du-tec-12-chantiers-pour-un-service-plus-fiable-plus-efficient-et-plus-decarbone.html,Cabinet Desquesnes / Wallonie,2026-07-20,budget,CSP rewrite; firm 2026 base; coverage 10 to 14pct by 2030; internal savings 20m by 2029; TaD 22m 2028-29; e-fleet ~300m
src_fwb_gov_odj_2026_04_30,FWB gouvernement ODJ 30 Apr 2026 SWA assent 1st reading,https://gouvernement.cfwb.be/home/presse--actualites/ordres-du-jour/ordresdujour/seance-du-30-avril-2026.html,Gouvernement FWB,2026-07-20,budget,"Point 14: Projet d'accord de cooperation gouvernance economique; avant-projet decret assentiment premiere lecture Doc 1589"
src_wal_gw_odj_2026_05_13,Wallonie GW ODJ 13 May 2026 SWA assent 1st reading,https://www.wallonie.be/sites/default/files/2026-05/13mai20260900-ordredujour64.pdf,Gouvernement wallon,2026-07-20,budget,"B5: Avant-projets de decrets portant assentiment accord gouvernance economique; premiere lecture Doc 2760; raw wallonie_gw_odj_2026_05_13.pdf"
src_pfwb_cric68_swa_2026,PFWB commission Budget CRIc68 Degryse SWA assent path,https://archive.pfwb.be/1000000020df044,Parlement de la Federation Wallonie-Bruxelles,2026-07-20,parliament,"Degryse: all entities agreed SWA text; avant-projet decret in prep; target summer multi-parliament approval; HRF mixte key; raw pfwb_cric68_budget14_2026.pdf"
src_fed_mr_swa_2026_05_13,Federal Ministerraad 13 May 2026 avant-projet loi SWA governance,https://www.belgashare.be/fr/newsrooms/85/press-releases/18389/,Conseil des ministres / Van Peteghem,2026-07-20,budget,"MR approved avant-projet de loi bearing assent to multi-entity economic governance cooperation agreement"
src_dolimont_pq_swa_pre_2026,Dolimont PQ 30 Mar 2026 SWA still negotiating pre-Overleg,https://www.parlement-wallonie.be/pwpages?p=interp-questions-voir&type=28&iddoc=142583,Parlement de Wallonie / Dolimont,2026-07-20,parliament,"Pre-consensus: SWA still in negotiation 30 Mar; Overleg 27 Mar later closed deal"
src_ccrek_fwb_netexp_gap,Cour des comptes / PFWB commission FWB adj 2025 net primary opacity,https://archive.pfwb.be/1000000020dc0f2,Cour des comptes via PFWB commission 129 2024-2025 N7,2026-07-20,court_audit,Cour: expose general lacks net primary evolution vs CSF 2.75pct 2025; gov postponed comparison; raw pfwb_129_2024_2025_n7.pdf
src_fwb_elements_cles_netexp_absent,FWB elements-cles 2026 no net primary growth table,https://budget-finances.cfwb.be/budget-et-comptabilite/elements-cles-du-budget-annuel/,DGBF FWB,2026-07-20,budget,Totals dep 15.407bn SEC -1.608bn present; no depenses primaires nettes growth rate for 2026
src_namur_budget_2026_dgf,Ville de Namur Budget initial 2026 Note explicative DGF,https://www.namur.be/fr/ma-ville/administration/presentation-generale/budgets-et-comptes-communaux/budget-2026/budget-initial-2026-note-explicative-dgf.pdf,Ville de Namur DGF,2026-07-20,budget,Conseil 16 Dec 2025; recettes 301.4m dep 300.8m boni 0.63m structural deficit 19.8m; associative 8.47m; raw namur_budget_2026_note_dgf.pdf
src_namur_budget_2026_page,Ville de Namur Budget 2026 official page with PDFs,https://www.namur.be/fr/ma-ville/administration/presentation-generale/budgets-et-comptes-communaux/budget-2026,Ville de Namur,2026-07-20,budget,Service ordinaire + extraordinaire + note DGF PDFs
src_namur_opendata_subsides,Namur open data subsides attribues,https://data.namur.be/explore/assets/subsides-attribues/,Ville de Namur Open Data,2026-07-20,agency,156 rows max year 2020 only — stale for 2026 L5; use budget note table instead
src_mons_mag_133_2026,MonsMag 133 official city magazine budget 2026,https://www.mons.be/fr/ma-commune/mons-mag-fichiers/fichiers-mons-mag/mm-2026/20260119_monsmag133_hd-def.pdf/@@download/file/20260119_MonsMag133_HD-def.pdf,Ville de Mons,2026-07-20,budget,Official Mag: recettes 242.5m boni 2.1m economies 8m Oxygene 27m invest 12m precarity 200k; raw mons_mag_133.pdf
src_mons_compte_ordi_2025,Ville de Mons compte/budget ordinaire 2025 tableau,https://www.mons.be/fr/ma-commune/vie-politique/budgets/budgets/compte-budgetaire-exercice-2024/01-01_budget_service_ordi_2025-4.pdf,Ville de Mons,2026-07-20,budget,Budget 2025 recettes 246.24m dep 244.18m; L5 MARS Basket RCA lines; raw mons_compte_ordi_2025.pdf
src_mons_rtbf_budget_2026,RTBF Mons budget 2026 mission impossible,https://www.rtbf.be/article/un-budget-mission-impossible-pour-la-ville-de-mons-en-2026-11652429,RTBF,2026-07-20,press,Quotes collège: boni 2.1m CPAS 27.7m Oxygene ~26m invest path; medium until full PDF
src_pw_oxygene_collignon_2023,Parlement Wallonie PQ Plan Oxygene Collignon Feb 2023,https://www.parlement-wallonie.be/pwpages?p=interp-questions-voir&type=28&iddoc=117540,Parlement de Wallonie / Collignon,2026-07-21,parliament,34 communes requested 1.791bn 2022-26; tranche 2022 302.1m for 21 communes; interest +15pct capital regional
src_desquesnes_oxygene_66m_2025,Desquesnes Plan Oxygene 66.1m first lot 2025 15 communes,https://desquesnes.wallonie.be/home/communiques-de-presse/presses/plan-oxygene-66-millions-d-euros-deja-mobilises-pour-les-communes-wallonnes-en-2025.html,Cabinet Desquesnes / Wallonie,2026-07-21,budget,ING 40.86m 13 communes; Belfius 25.29m Tournai+Verviers; named commune amounts
src_pw_cri8_oxygene_210m,Parlement Wallonie CRI8 Dec 2025 Desquesnes CRAC 210m six cities,http://nautilus.parlement-wallon.be/Archives/2025_2026/CRI/cri8.pdf,Parlement de Wallonie,2026-07-21,parliament,CRAC borrow 105m Belfius+105m ING on-lend 2025 rights; regional cost ~25m/yr for 21 communes; raw pw_cri8_oxygene_2025.pdf
src_rtbf_oxygene_210m,RTBF Plan Oxygene 210m six cities Dec 2025,https://www.rtbf.be/article/plan-oxygene-la-wallonie-securise-210-millions-d-euros-pour-les-villes-en-difficulte-11642994,RTBF,2026-07-21,press,Need 235m secured 210m; six large cities banks refused; regional interest+15pct ~25m/yr class
src_wal_feder_resume_citoyen_2025,Resume citoyen 2025 FEDER/FTJ Wallonie 2021-2027,https://europe.wallonie.be/files/doc/2026-05/resume-citoyen-2025.pdf,SPW WalEurope / Europe en Wallonie,2026-07-21,budget,Official citizen summary 2025; named project grants + programme envelopes; raw feder_resume_citoyen_2025.pdf
src_waleurope_home,WalEurope FEDER/FTJ portal home,https://europe.wallonie.be/home.html,SPW WalEurope,2026-07-21,portal,Links resume citoyen 2025 and programming complements
src_vl_parl_ingekomen_60_33_2026,Vlaams Parlement Ingekomen Documenten 60 (2025-2026) Nr.33 17 Jun 2026,https://docs.vlaamsparlement.be/pfile?id=2335850,Vlaams Parlement,2026-07-21,parliament,SERV advice Instemmingsdecreet SWA economische governance 1 Jun 2026 filed as mededeling; no plenaire adopted assent decree in this bulletin
src_vl_gov_swa_8may_2026,Vlaamse Regering 8 May 2026 SWA economische governance decision page,https://www.vlaanderen.be/vlaamse-regering/beslissingen-van-de-vlaamse-regering/samenwerkingsakkoord-economische-governance,Vlaamse Regering,2026-07-21,budget,Principiele goedkeuring voorontwerp decreet; SERV+RvS; replaces 2013 SWA; Overleg 27 Mar
src_vl_efro_themis_med_2022,VR mededeling EFRO Vlaanderen 2021-2027 uitvoering (Themis VR 2022 0807 MED.0255/1BIS),https://themis.vlaanderen.be/files/62c7df904173eb000c0013a4/download,Vlaamse Regering / VLAIO,2026-07-21,budget,EU EFRO 276078230.77; total programme budget class 596m; GTI slices; raw vl_efro_themis_mededeling.pdf
src_vleva_efro_vl,VLEVA page EFRO Vlaanderen 2021-2027 budget,https://vleva.eu/programma/eu-subsidies/europees-fonds-voor-regionale-ontwikkeling-vlaanderen-efro-vlaanderen,VLEVA,2026-07-21,portal,Secondary portal cites 267 MEUR EU class (rounded/ex-TB consistent with Themis ex-TB 266.7m)
src_interreg_vlaned_home,Interreg Vlaanderen-Nederland official portal programme stats,https://interregvlaned.eu/,Interreg VL-NL programme,2026-07-21,portal,110 approved projects; 205.5m allocated subsidy; theme spend 72.5/73.6/47.1/7.3m
src_keep_interreg_vlaned_2127,keep.eu Interreg VI-A Belgium-Netherlands 2021-2027 fundamental info,https://keep.eu/programmes/371/2021-2027-Belgium-The-Netherlands/,keep.eu / Interact,2026-07-21,eu,Total budget 410811210; EU funding 205405605 including TA
src_bru_feder_op_pdf_2127,Programme EFRO/FEDER 2021-2027 Brussels-Capital Region official OP PDF v1.2,https://feder.brussels/wp-content/uploads/2023/05/Programma-EFRO21-27.pdf,Direction FEDER / Brussels-Capital Region,2026-07-21,budget,Table 10-11: EU 121284116 national 181926174 total 303210290 40pct; priorities P1-P4; raw bru_feder_Programma-EFRO21-27.pdf
src_be_brussels_efro_results_2026,be.brussels EFRO results article 6 Jul 2026 (2014-20 results + 2021-27 envelope),https://be.brussels/nl/internationaal-europa/het-efro-programma-brussel-regionale-uitdagingen-aanpakken-met-projecten-191-miljoen-euro-om-68,Brussels-Capital Region,2026-07-21,portal,191m/68 projects = 2014-20; 2021-27 total 303m EU 121m; 120 projects selected to date
src_bru_feder_call_digital_1_2,FEDER Brussels appel OS1.2 developpement numerique session info,https://feder.brussels/wp-content/uploads/2023/06/PUBLICATION-SUR-SITE-FEDER-Presentation-session-dinformation-1.2-Dev.-Numerique_Action-1.pdf,Direction FEDER Brussels,2026-07-21,budget,Call budget FEDER+RBC total 29222400.99 euros covering 95pct eligible
src_bru_feder_call_saut_qualitatif,FEDER Brussels appel 1.1 saut qualitatif,https://feder.brussels/wp-content/uploads/2023/04/Appel-a-projet-1.1-saut-qualitatif-_FR_ERRATUM.pdf,Direction FEDER Brussels,2026-07-21,budget,Call envelope FEDER+RBC 15141919.79
src_bru_feder_call_pme,FEDER Brussels appel accompagnement PME v3,https://feder.brussels/wp-content/uploads/2023/05/1.3.1-Appel-a-projet-accompagnement-PME-Version-3.0-FR.pdf,Direction FEDER Brussels,2026-07-21,budget,Call envelope FEDER+RBC 6679415.08; max project grant 500000
src_ccrek_dg_budget_2025,Rechnungshof Bericht Urspruenglicher Haushalt 2025 Deutschsprachige Gemeinschaft,https://www.ccrek.be/sites/default/files/Docs/2024_50_BudgetDG2025.pdf,Court of Audit / Rechnungshof,2026-07-21,audit,Adopted 13 Nov 2024; Table7-11 Haupverwaltung 2025 UHH; raw dg_budget_2025_ccrek.pdf
src_paasch_haushalt_2026,Paasch PDG Rede Vorstellung Haushalt 2026 20 Oct 2025,https://oliver-paasch.be/stellungnahmen/vorstellung-des-haushaltes-2026-fuer-eine-handlungsfaehige-gemeinschaft/,Ministerpraesident DG Oliver Paasch,2026-07-21,government,Savings 23m/yr; infra cut 32m; hospital invest need 150m; raw dg_haushalt_2026_paasch.pdf
src_brf_dg_haushalt_2026,BRF Haushaltsvorstellung PDG Paasch sparen handlungsfaehig Oct 2025,https://brf.be/regional/2017399/,BRF,2026-07-21,press,Secondary: 23m laufend + 32m Infrastruktur; 10m Ueberschuss 2025 erwartet
src_vanpeteghem_swa_2026_03_27,Van Peteghem historic SWA begrotingscoordinatie announcement 27 Mar 2026,https://vanpeteghem.belgium.be/nl/nieuws/minister-van-peteghem-hervormt-begrotingsbeleid-met-historisch-samenwerkingsakkoord,Cabinet Van Peteghem,2026-07-21,government,Overleg closed multi-entity SWA; binding net-exp path; does not equal parliament ratification
src_tick71_swa_recheck_negative,Tick71 multi-parliament SWA assent search negative Jul 2026,https://www.vlaanderen.be/vlaamse-regering/beslissingen-van-de-vlaamse-regering/samenwerkingsakkoord-economische-governance,DOGE loop research,2026-07-21,secondary,No Kamer/VL/WAL/FWB/BRU final assent law/decree or BS publication found; SERV Jun + VL gov May still max public track
src_liege_prov_budget_2026,Province de Liege Projet de budget des depenses et recettes 2026 Document 25-26/010 signe,https://www.provincedeliege.be/sites/default/files/media/208/2526010%20-%20Budget%202026%20sign%C3%A9.pdf,Province de Liege,2026-07-21,budget,Service ordinaire + extraordinaire synthesis; named zones secours and education lines; raw liege_province_budget_2026.pdf
src_liege_prov_budget_page,Province de Liege budget portal node 208,https://www.provincedeliege.be/fr/node/208,Province de Liege,2026-07-21,portal,Links Budget 2026 PDF and note de politique generale
src_ccrek_lux_prov_budget_2026,Cour des comptes Province Luxembourg projet budget 2026 (2026_15),https://www.ccrek.be/sites/default/files/Docs/2026_15_LuxembourgProjetBudget2026.pdf,Cour des comptes,2026-07-22,audit,"Approved FR chamber 19 Nov 2025; ord rec 135214912 dep 134300069; zones secours 18m; ASBL aids >=50k 4.3m; raw lux_prov_ccrek_budget_2026.pdf"
src_ccrek_lux_prov_page,Cour des comptes publication page Province Luxembourg budget 2026,https://www.ccrek.be/fr/publication/province-de-luxembourg-projet-de-budget-des-recettes-et-des-depenses-pour-l-exercice,Cour des comptes,2026-07-22,portal,Links PDF 2026_15_LuxembourgProjetBudget2026.pdf
src_ccrek_namur_prov_budget_2026,Cour des comptes Province Namur projet budget 2026 (2026_14),https://www.ccrek.be/sites/default/files/Docs/2026_14_NamurProjetBudget2026.pdf,Cour des comptes,2026-07-22,audit,"Approved FR chamber 25 Nov 2025; ord rec 204224474 dep 204222043; zones secours 30.3m; raw namur_prov_ccrek_budget_2026.pdf"
src_ccrek_namur_prov_page,Cour des comptes publication page Province Namur budget 2026,https://www.ccrek.be/fr/publication/province-de-namur-projet-de-budget-des-recettes-et-des-depenses-pour-l-exercice-2026,Cour des comptes,2026-07-22,portal,Links PDF 2026_14_NamurProjetBudget2026.pdf
src_ccrek_hainaut_prov_budget_2026,Cour des comptes Province Hainaut projet budget 2026 (2026_13),https://www.ccrek.be/sites/default/files/Docs/2026_13_HainautProjetBudget2026.pdf,Cour des comptes,2026-07-22,audit,"Approved FR chamber 16 Dec 2025; ord rec 831167239 dep 830647769; zones 78.2m + provision 6m; raw hainaut_prov_ccrek_budget_2026.pdf"
src_ccrek_hainaut_prov_page,Cour des comptes publication page Province Hainaut budget 2026,https://www.ccrek.be/fr/publication/province-de-hainaut-projet-de-budget-des-recettes-et-des-depenses-pour-l-exercice-2026,Cour des comptes,2026-07-22,portal,Links PDF 2026_13_HainautProjetBudget2026.pdf
src_ccrek_bw_prov_budget_2026,Cour des comptes Province Brabant wallon projet budget 2026 (2026_11),https://www.ccrek.be/sites/default/files/Docs/2026_11_BrabantWallonProjetBudget2026.pdf,Cour des comptes,2026-07-22,audit,"Approved FR chamber 25 Nov 2025; ord rec 200776958 dep 199406787; zones 16.1m; ASBL aids 10.0m; raw brabant_wallon_prov_ccrek_budget_2026.pdf"
src_ccrek_bw_prov_page,Cour des comptes publication page Brabant wallon budget 2026 (EN),https://www.ccrek.be/en/publication/walloon-brabant-province-draft-income-and-expenditure-budget-for-fiscal-year-2026,Cour des comptes,2026-07-22,portal,Links PDF 2026_11_BrabantWallonProjetBudget2026.pdf
src_doge_walloon_prov_compare_2026,DOGE synthesis Walloon 5 provinces budget 2026 compare,docs/doge/data/walloon_provinces_2026_snapshot.md,AIpolitics DOGE loop,2026-07-22,secondary,"Sums only from ticks 72-76 strong primary rows; not a government publication"
src_antwerpen_prov_mjp_2026,Provincie Antwerpen Initieel meerjarenplan 2026-2031 Vaststelling kredieten 2026,https://www.provincieantwerpen.be/sites/koepelsite/files/publicaties/open-data/provincieraad/2025/2025-12-11/beleidsrapporten/01_03_beleidsrapporten_26_31.pdf,Provincie Antwerpen,2026-07-22,budget,"MJP ORIGINEEL BEGINKREDIET 2026; M2 evenwicht + T2 economische aard; raw antwerpen_prov_mjp_2026_2031.pdf"
src_antwerpen_prov_mjp_page,Provincie Antwerpen meerjarenplan portal,https://www.provincieantwerpen.be/nl/beleidsrapporten/meerjarenplan,Provincie Antwerpen,2026-07-22,portal,Links MJP 2026-2031 beleidsrapporten
src_westvl_prov_mjp_2026,Provincie West-Vlaanderen Meerjarenplan 2026-2031 financiele nota en toelichting,https://www.west-vlaanderen.be/sites/default/files/2025-12/MJP-2026-2031-fin-nota-toelichting.pdf,Provincie West-Vlaanderen,2026-07-22,budget,"Initieel MJP PR 27.11.2025; Schema M2 p15 + T2 p30-31 tick85/87/89: exp 194.4m; bezold 84.9m; werkingssubsidies 54.4m; opcent 128.8m; inv 70.1m; raw westvl_prov_mjp_2026_2031.pdf"
src_westvl_prov_mjp_page,Provincie West-Vlaanderen MJP portal or docs,https://www.west-vlaanderen.be,Provincie West-Vlaanderen,2026-07-22,portal,Host of MJP-2026-2031-fin-nota-toelichting.pdf
src_oostvl_prov_mjp_beleidsverklaring_2026,Provincie Oost-Vlaanderen MJP 2026-2031 Beleidsverklaring + financiele kerncijfers,https://provincieoost-vlaanderen.beleidsportaal.be/Data/c66a5628-79bb-4bfa-a5e1-669708b8200e/Public/meerjarenplan-2026-2031%20-%20beleidsverklaring.pdf,Provincie Oost-Vlaanderen,2026-07-22,budget,"PR 3 Dec 2025; BBR AFM debt invest personnel tax tables; raw oostvl_meerjarenplan-2026-2031_-_beleidsverklaring.pdf"
src_oostvl_prov_beleidsportaal,Provincie Oost-Vlaanderen beleidsportaal MJP 2026-2031,https://provincieoost-vlaanderen.beleidsportaal.be/meerjarenplan-2026-2031,Provincie Oost-Vlaanderen,2026-07-22,portal,Official MJP portal; PDFs under /Data/
src_limburg_prov_amjp_jun2026,Provincie Limburg Aanpassing MJP 2026-2031 juni 2026 (PR dossier 2026_PR_00110),https://raadpleeg-limburg.onlinesmartcities.be/zittingen/26.0108.5431.0816/agendapunten/26.0521.9497.2987,Provincie Limburg,2026-07-22,budget,"AMJP after 17 Jun 2026; M2/T2/kencijfers; raw limburg_mjp_jun2026_a.pdf; initial PR 18 Dec 2025"
src_limburg_prov_middelen,Provincie Limburg provinciale middelen portal,https://www.limburg.be/bestuur-regio/provinciale-middelen,Provincie Limburg,2026-07-22,portal,Links MJP wettelijke rapporten onlinesmartcities
src_vbr_prov_mjp_2026,Provincie Vlaams-Brabant Meerjarenplan 2026-2031 (PR 14 Oct 2025),https://www.vlaamsbrabant.be/sites/default/files/media/files/2025-10/meerjarenplan-2026-2031-20251014.pdf,Provincie Vlaams-Brabant,2026-07-22,budget,"Published 23 Oct 2025; M2/T2/kencijfers; raw vbr_meerjarenplan-2026-2031-20251014.pdf"
src_vbr_prov_pers_mjp,Provincie Vlaams-Brabant pers MJP 2026-2031,https://pers.vlaamsbrabant.be/provincie-stelt-meerjarenplan-2026-2031-voor,Provincie Vlaams-Brabant,2026-07-22,press,Official press on MJP; links PDF
src_doge_flemish_prov_compare_2026,DOGE synthesis Flemish 5 provinces budget 2026 compare,docs/doge/data/flemish_provinces_2026_snapshot.md,AIpolitics DOGE loop,2026-07-22,secondary,"Sums from ticks 78-93; all 5 VL provinces L1+named L5 samples; not a government publication"
src_wvl_mjp_press_kelly,Kelly De Tavernier news MJP West-Vlaanderen 2026-2031 exp path,https://www.kellydetavernier.be/nieuws/provincie-west-vlaanderen-stelt-meerjarenplan-2026-2031-voor,Kelly De Tavernier (secondary),2026-07-22,press,"Cross-check only: exploitatie-uitgaven 194.4m 2026 to 218.5m 2031; not primary vs Schema M2"
src_wvl_mjp_press_hln,HLN Brugge MJP West-Vlaanderen exploitatie-inkomsten path,https://www.hln.be/brugge/de-meerjarenplanning-van-de-provincie-west-vlaanderen-onder-de-loep-van-67-3-miljoen-euro-voor-mobiliteit-tot-een-opfrisbeurt-voor-chalet-kemmel~a0ebe4cd/,HLN (secondary),2026-07-22,press,"Cross-check only: exploitatie-inkomsten 216.6m 2026 to 242.2m 2031; aligns Schema M2"
src_vl_swa_governance_page_2026,Vlaamse Regering beslissing SWA economische governance 8 mei 2026,https://www.vlaanderen.be/vlaamse-regering/beslissingen-van-de-vlaamse-regering/samenwerkingsakkoord-economische-governance,Vlaamse Overheid,2026-07-22,portal,Principal OK voorontwerp instemmingsdecreet; SERV+RvS path; still not final parliament
src_fed_mr_swa_2026_05_13,Conseil des ministres 13 mai 2026 avant-projet loi assentiment gouvernance economique,https://news.belgium.be/fr/nouveau-cadre-de-gouvernance-economique,Federal government newsroom,2026-07-22,press,Van Peteghem MR draft assent law; not Kamer adoption
src_tick84_swa_recheck_negative,Tick84 multi-parliament SWA assent search negative Jul 2026,https://www.vlaanderen.be/vlaamse-regering/beslissingen-van-de-vlaamse-regering/samenwerkingsakkoord-economische-governance,DOGE loop research,2026-07-22,secondary,No Kamer/VL/WAL/FWB/BRU final plenary assent law/decree or BS publication found as of 2026-07-22; process track unchanged max gov first-reads + SERV
src_oostvl_prov_mjp_documentatie_2026,Provincie Oost-Vlaanderen MJP 2026-2031 Documentatie (T2 totals),https://provincieoost-vlaanderen.beleidsportaal.be/Data/c66a5628-79bb-4bfa-a5e1-669708b8200e/Public/meerjarenplan-2026-2031%20-%20documentatie.pdf,Provincie Oost-Vlaanderen,2026-07-22,budget,"Documentatie 44p; Totalen + named werkingssubsidies p4-14; POM Erov Polders parties Interreg; exp 313.2m; raw oostvl_meerjarenplan-2026-2031_documentatie.pdf"
src_ovl_mjp_press_vrt,VRT NWS Oost-Vlaanderen MJP 2026 tax cut and invest 400m,https://www.vrt.be/vrtnws/nl/2025/12/04/oost-vlaanderen-belasting-daalt-mobiliteit-water-recreatie-moens/,VRT NWS (secondary),2026-07-22,press,"Cross-check: opposition cites ~330m uitgaven/yr class; invest 400m period; not primary vs documentatie"
src_tick88_swa_recheck_negative,Tick88 multi-parliament SWA assent search negative Jul 2026,https://www.vlaanderen.be/vlaamse-regering/beslissingen-van-de-vlaamse-regering/samenwerkingsakkoord-economische-governance,DOGE loop research,2026-07-22,secondary,"No final plenary assent any parliament; VL page still first-read path; Kamer 56K1569 is fallback wetsvoorstel not SWA assent; no BS"
src_kamer_56k1569_fallback,Kamer 56K1569 wetsvoorstel terugvalregeling interfederale begrotingscoordinatie,https://www.lachambre.be/kvvcr/showpage.cfm?section=/flwb&language=nl&cfm=/site/wwwcfm/flwb/flwbn.cfm?lang=N&legislat=56&dossierID=1569,Kamer van volksvertegenwoordigers,2026-07-22,parliament,"Private member bill Bertrand/Vander Elst 22 May 2026; pending Finance commission; NOT assent law for Mar 2026 SWA"
src_vl_swa_page_recheck_tick88,Vlaamse Regering SWA economische governance page recheck tick88,https://www.vlaanderen.be/vlaamse-regering/beslissingen-van-de-vlaamse-regering/samenwerkingsakkoord-economische-governance,Vlaamse Overheid,2026-07-22,portal,"Unchanged: Overleg 27 Mar; VL principieel 8 May; SERV+RvS path; no plenaire adoptie"
src_westvl_agencies_p60,WVL MJP 2026-2031 p60-67 agentschappen and landschappen tables,https://www.west-vlaanderen.be/sites/default/files/2025-12/MJP-2026-2031-fin-nota-toelichting.pdf,Provincie West-Vlaanderen,2026-07-22,budget,"Pages 60-67: POM Westtoer Inagro TUA WEST annual dotaties; loan support; regionale landschappen; UNIE-K; WFIV base"
src_limburg_verbonden_entiteiten,Limburg AMJP 2026 verbonden entiteiten list p122-124,https://raadpleeg-limburg.onlinesmartcities.be/zittingen/26.0108.5431.0816/agendapunten/26.0521.9497.2987,Provincie Limburg,2026-07-22,budget,"Named entity EUR series 2026-31; Bokrijk POM Toerisme Diepenbeek pcFruit landschappen; raw limburg_mjp_jun2026_a.pdf"
src_vbr_verbonden_entiteiten,Vlaams-Brabant MJP 2026-2031 verbonden entiteiten nominatief p70-73,https://www.vlaamsbrabant.be/sites/default/files/media/files/2025-10/meerjarenplan-2026-2031-20251014.pdf,Provincie Vlaams-Brabant,2026-07-22,budget,"Nominatieve subsidies 2026-31; Toerisme POM Praktijkpunt RL; raw vbr_meerjarenplan-2026-2031-20251014.pdf"
src_doge_flemish_l5_compare_2026,DOGE synthesis Flemish provinces named POM tourism L5 2026,docs/doge/data/flemish_provinces_l5_agencies_2026.md,AIpolitics DOGE loop,2026-07-22,secondary,"Sums only from ticks 90-93 primary nominatieve/dotatie rows; perimeter caveats; not a government publication"
src_liege_prov_budget_l5_tick95,Province de Liege budget ordinaire 2026 named transfer articles,docs/doge/data/raw/liege_province_budget_2026.pdf,Province de Liege,2026-07-22,budget,"Named ASBL/culture/tourism lines F123 F569 F789; raw liege_province_budget_2026.pdf"
src_ccrek_hainaut_l5_tick95,Cour des comptes Hainaut budget 2026 ASBL and Voies d eau notes,docs/doge/data/raw/hainaut_prov_ccrek_budget_2026.pdf,Cour des comptes,2026-07-22,audit,"p17 Voies d eau 2.3m; Teralis cut; 199 entities; Tournai 3.9m; raw hainaut_prov_ccrek_budget_2026.pdf"
src_tick96_hainaut_asbl_search_negative,Tick96 search for public Hainaut 199-entity ASBL EUR annex negative,docs/doge/data/raw/hainaut_prov_ccrek_budget_2026.pdf,DOGE loop research,2026-07-22,secondary,"Web/portal search found no public named EUR list; CoA PDF remains best public evidence of annex existence"
src_doge_walloon_prov_l5_2026,DOGE synthesis Walloon provinces L5 ASBL opacity compare,docs/doge/data/walloon_provinces_l5_asbl_2026.md,AIpolitics DOGE loop,2026-07-22,secondary,"From CoA Hainaut Liege Namur BW Lux primary notes ticks 95-98; full 5-prov compare tick99; not a government publication"
src_ccrek_namur_l5_tick97,CoA Namur budget 2026 ASBL list and pension debudget notes,docs/doge/data/raw/namur_prov_ccrek_budget_2026.pdf,Cour des comptes,2026-07-22,audit,"10 entities ge50k; 3 unmotivated; pension debudget 10m; Chevetogne regie path"
src_ccrek_bw_l5_tick97,CoA Brabant wallon budget 2026 ASBL package and named invest,docs/doge/data/raw/brabant_wallon_prov_ccrek_budget_2026.pdf,Cour des comptes,2026-07-22,audit,"31 entities 10.0m total; motivations explicit; Helecine 1.3m; storm basins 3.1m"
src_ccrek_lux_l5_tick98,CoA Luxembourg budget 2026 ASBL package and named invest,docs/doge/data/raw/lux_prov_ccrek_budget_2026.pdf,Cour des comptes,2026-07-22,audit,"ASBL 4.3m -17.8pct; 25 contrats gestion; Arlon roof 2.8m contingent; pension 3.1m Ethias"
src_tick98_lux_named_list_negative,Tick98 public search Lux ASBL named EUR list negative,docs/doge/data/raw/lux_prov_ccrek_budget_2026.pdf,DOGE loop research,2026-07-22,secondary,"No public named list; FOI gap_lux_asbl_list_2026 ready"
src_doge_prov_vl_wal_l5_2026,DOGE synthesis VL vs WAL province L5 opacity 2026,docs/doge/data/provinces_vl_wal_l5_opacity_2026.md,AIpolitics DOGE loop,2026-07-22,secondary,"Synthesis only from ticks 72-99 primary maps; perimeters not addable; not a government publication"
src_gent_subsidieregister_od,Subsidieregister Stad Gent en OCMW Gent open data,https://data.stad.gent/explore/assets/lijst-van-gesubsidieerde-derden-stad-gent/,Stad Gent Open Data,2026-07-22,opendata,"8718 rows; years 2020-2025 charged amounts; 2025 partial pre-Apr; tick101 extract raw/gent_subs_top_tick101.json"
src_brugge_subsidieregister_od,Stad Brugge open subsidieregister,https://data.brugge.be/explore/dataset/subsidieregister/,Stad Brugge Open Data,2026-07-22,opendata,"5831 rows years 2022-2026 bedrag by ontvanger; tick102 extract raw/brugge_subs_top_tick102.json"
src_namur_subsides_attribues_od,Ville de Namur open data subsides attribues,https://data.namur.be/explore/assets/subsides-attribues/,Ville de Namur Open Data,2026-07-22,opendata,"156 rows years 2019-2020 ONLY stale; tick102 raw/namur_subsides_top_tick102.json"
src_mons_budget_ord_2025,Ville de Mons budget service ordinaire 2025 PDF,https://www.mons.be/fr/ma-commune/vie-politique/budgets,Ville de Mons,2026-07-22,budget,"Official 121p PDF; recettes 246.24m depenses 244.18m; named ASBL/MARS/RCA lines; raw mons_budget_ord_2025.pdf + mons_l5_top_tick103.json"
src_doge_cities_l5_transparency_2026,DOGE synthesis city L5 transparency Gent Brugge Mons FOI peers,docs/doge/data/cities_l5_transparency_compare_2026.md,AIpolitics DOGE loop,2026-07-22,secondary,"From ticks 101-103 primary open registers and Mons PDF; perimeters not additive"
src_speurgids_2025,Speurgids 2025 Ondernemen en Innoveren (WEWIS BO2025),https://www.ewi-vlaanderen.be/speurgids-2025,Departement WEWIS Vlaanderen,2026-07-27,budget,"Mar 2026; BO2025 vastlegging; total EWI broad 5289.65m; econ 619.32m; WIB 4669.33m; FIO VLAIO innov 437.03m; raw speurgids2025_full.pdf + deel1_ch1.pdf"
src_fps_taxex_xlsx_recheck_20260727,FPS federal tax expenditure inventory XLSX re-download checksum,https://finance.belgium.be/sites/default/files/Statistieken_SD/Inventaris/inventory-of-federal-tax-expenditures.xlsx,FPS Finance,2026-07-27,fps,"MD5 cb04adbe94e0fd27e25a511c100878be identical to tick4 fps_taxex.xlsx 123619 bytes; no new year sheets since 2026-07-19"
src_apr_2026_bosa,Belgium Annual Progress Report 2026 (BOSA),https://bosa.belgium.be/sites/default/files/publications/documents/APR%202026%20report%20nl-fr_.pdf,BOSA / Belgian authorities,2026-07-27,budget,"APR 30 Apr 2026; ch5 begrotingscoordinatie: reform 2013 SWA; after signature RvS advice by summer; parliament assent acts by year-end; raw apr_2026_bosa.pdf"
src_tick106_swa_recheck_negative,Tick106 multi-parliament SWA final assent search negative Jul 2026,https://www.vlaanderen.be/vlaamse-regering/beslissingen-van-de-vlaamse-regering/samenwerkingsakkoord-economische-governance,DOGE loop research,2026-07-27,secondary,"No final plenaire law/decree or BS for Mar 2026 economic-governance SWA; APR timeline year-end; max still gov first-read + SERV + federal MR avant-projet"
src_vl_pq_cie_251_2026,VP schriftelijke vraag 251 Platteau/Diependaele CIE 20 Feb 2026,https://docs.vlaamsparlement.be/pfile?id=2302041,Vlaams Parlement / Diependaele,2026-07-27,parliament,"258m awarded 2025 for emission year 2024; +40m exception 2022-23; budget 2026 216m; raw vl_pq_cie_feb2026.pdf"
src_vl_pq_cie_28_2025,VP schriftelijke vraag 28 Faraji/Diependaele CIE investeringsplicht 2 Oct 2025,https://docs.vlaamsparlement.be/pfile?id=2228308,Vlaams Parlement / Diependaele,2026-07-27,parliament,"CIE largest VLAIO company subsidy 229m 2024; 14 firms miss electricity benchmark; clawbacks 19.90m 2020-24; invest controls not yet started; raw vl_pq_cie_oct2025.pdf"
src_vl_bo2026_ewi_tech_icl,BO2026 (W)EWI(S) technische vragen ICL/CIE budget path,https://docs.vlaamsparlement.be/pfile?id=2250753,Vlaams Parlement / Vlaamse Regering,2026-07-27,budget,"FIO VEK ICL keuro 2024 250234 / 2025 261588 / 2026 216609; ~40 firms 2026 estimate; VKF vs algemene middelen split; no named L5 list; raw vl_bo2026_ewi_tech_vragen.pdf"
src_vl_pq_177_innovatie_limburg,VP SV 177 Pieters/Diependaele innovatiesteun Limburg 19 Jan 2026,https://docs.vlaamsparlement.be/pfile?id=2282507,Vlaams Parlement / Diependaele,2026-07-27,parliament,"OND+ONTW+ICON Flanders 2025 196.90m / 388 firms; full portfolio 214.15m; raw vl_pq_limburg_vlaio.pdf"
src_vl_pq_209_ontwikkelingsprojecten,VP SV 209 Warnez/Diependaele ontwikkelingsprojecten 28 Jan 2026,https://docs.vlaamsparlement.be/pfile?id=2288201,Vlaams Parlement / Diependaele,2026-07-27,parliament,"ONTW 2021-25 443m; 918/1093 approved 2023-25; province split; confidential project L5; raw vl_pq_vlaio_prov.pdf"
src_vl_pq_351_woosh,VP SV 351 Van Looy/Brouns Woosh subsidies 31 Jan 2025,https://docs.vlaamsparlement.be/pfile?id=2128708,Vlaams Parlement / Brouns,2026-07-27,parliament,"Named Woosh VLAIO L5: ONTW 158k+376k; KMOGS 50k; haalbaarheid 46k; Schaalklaar 350k; raw vl_pq_woosh.pdf"
src_speurgids_2025_clusters,Speurgids 2025 cluster+Moonshot tables (VLAIO data),https://www.ewi-vlaanderen.be/speurgids-2025,Departement WEWIS / VLAIO,2026-07-27,budget,"Cluster earmarked 2024 decided 54.2m; Moonshot 24.54m/10 projects; Edtech Station 1.8m/3y; raw speurgids2025_full.pdf"
src_fps_ffs_2026_nl_full,Federale inventaris subsidies fossiele brandstoffen 2026 full NL,https://finance.belgium.be/sites/default/files/Statistieken_SD/Inventaris/FFS-report-NL-Master%20ed%202026_final.pdf,FPS Finance + FPS Health,2026-07-27,budget,"5th inventory Jul 2026 data cut 1 Jan 2026; direct FFS 2024 10781.9m 1.7pct GDP; raw fps_ffs_2026_nl_full.pdf"
src_fps_ffs_2026_summary_nl,FFS 2026 samenvatting NL,https://climat.be/doc/ffs-2026-samenvatting-nl.pdf,FPS Finance + FPS Health / klimaat.be,2026-07-27,budget,"Summary tables 1-3: pro diesel 831.2m; company cars 3141.7m; fuel cards 661.6m; kerosene air 754.6m; raw fps_ffs_2026_summary_nl.pdf"
src_fps_taxex_inventory_2026_pdf,Inventory of Federal Tax expenditures (2024) PDF,https://finance.belgium.be/sites/default/files/Statistieken_SD/Inventaris/Inventory_federal_tax_expenditures_2026.pdf,FPS Finance Research Department,2026-07-27,fps,"Global TE 2023 39402m (6.74pct GDP); by tax VAT 16198 PIT fed 9671 EIWT 4415; raw fps_taxex_inventory_2026.pdf"
src_fps_ffs_2026_kerosene_t20,FFS 2026 full Table20 aviation kerosene multi-year,https://finance.belgium.be/sites/default/files/Statistieken_SD/Inventaris/FFS-report-NL-Master%20ed%202026_final.pdf,FPS Finance + FPS Health,2026-07-27,budget,"Table20: 677/472/594/688/690/755 mEUR 2019-24 at ETD min 330EUR/1000l; raw fps_ffs_2026_nl_full.pdf p44"
src_fps_ffs_2026_vat_energy,FFS 2026 Table3 VAT reduced gas+electricity households,https://climat.be/doc/ffs-2026-samenvatting-nl.pdf,FPS Finance + FPS Health,2026-07-27,budget,"VAT gas HH 0/610.1/694.3/635.2; electricity HH 0/277.1/285.6/226.9 mEUR 2021-24"
src_pwc_boarding_tax_2026,PwC Belgium tax reform 2026 aircraft boarding tax path,https://news.pwc.be/belgian-tax-reform-2026-tax-and-social-measures-of-the-programme-law/,PwC Belgium,2026-07-27,secondary,"Boarding tax from 2027: 5 to 10 EUR long-haul plan; short-haul steps; not kerosene excise; medium confidence"
src_fps_ffs_2026_stookolie_t16,FFS 2026 full Table16 huisbrandolie multi-year,https://finance.belgium.be/sites/default/files/Statistieken_SD/Inventaris/FFS-report-NL-Master%20ed%202026_final.pdf,FPS Finance + FPS Health,2026-07-27,budget,"Table16: stookolie total 2130/2263/2097/1857/1798/1836 mEUR 2019-24 bench1; raw fps_ffs_2026_nl_full.pdf p30-33"
src_fps_ffs_2026_intermed_t19,FFS 2026 full Table19 intermediate consumption subsidies,https://finance.belgium.be/sites/default/files/Statistieken_SD/Inventaris/FFS-report-NL-Master%20ed%202026_final.pdf,FPS Finance + FPS Health,2026-07-27,budget,"Table19: agriculture+related total 549/563/630/443/379 mEUR 2020-24 bench1; raw p41"
src_fps_ffs_2026_gas_reduced_t16,FFS 2026 Table16 aardgas verlaagd tarief multi-year,https://finance.belgium.be/sites/default/files/Statistieken_SD/Inventaris/FFS-report-NL-Master%20ed%202026_final.pdf,FPS Finance + FPS Health,2026-07-27,budget,"Table16: 1091/1031/1191/1295/1052/903 mEUR 2019-24; 13.54 TWh 2024; ~352 firms 2019 PQ; raw fps_ffs_2026_nl_full.pdf"
src_fps_ffs_2026_gas_product_t15,FFS 2026 Table15 aardgas product rate differences multi-year,https://finance.belgium.be/sites/default/files/Statistieken_SD/Inventaris/FFS-report-NL-Master%20ed%202026_final.pdf,FPS Finance + FPS Health,2026-07-27,budget,"Table15: gas product-diff 4742/4538/5124/4854/3722/4089 mEUR 2019-24 bench1; end-use split industry 55.8pct; raw p28"
src_fps_ffs_2026_social_tariff_t1,FFS 2026 Table1 social tariff gas multi-year,https://finance.belgium.be/sites/default/files/Statistieken_SD/Inventaris/FFS-report-NL-Master%20ed%202026_final.pdf,FPS Finance + FPS Health / CREG,2026-07-27,budget,"Table1: social tariff gas 89/79/95/428/268/96 mEUR 2019-24; RVT extended gas peak 462m 2023"
src_fps_ffs_2026_lpg_coal_t16,FFS 2026 Table16 LPG heating + coal HH multi-year,https://finance.belgium.be/sites/default/files/Statistieken_SD/Inventaris/FFS-report-NL-Master%20ed%202026_final.pdf,FPS Finance + FPS Health,2026-07-27,budget,"LPG heating 109-140-128m; coal HH 28-11m 2019-24; raw fps_ffs_2026_nl_full.pdf Table16"
src_doge_ffs_snapshot_2026,DOGE FFS top-lines synthesis snapshot 2026,docs/doge/data/ffs_federal_top_lines_2024.md,AIpolitics DOGE loop,2026-07-27,secondary,"From FFS 5th inv primary rows already in CSVs; no invent euros; do not sum all lines"
src_unia_ra_2024,Unia Rapport annuel 2024 bilan et compte de resultats,https://www.unia.be/files/Unia_RapportAnnuel2024_FR_AS.pdf,Unia,2026-07-27,annual_report,"Subsidies total 9454426: federal 8170698; federated 1283728 (WAL 761698 FWB 354971 BXL 145867 DG 21192; Flanders 0)"
src_unia_ra_2025,Unia Rapport annuel 2025 bilan et compte de resultats,https://www.unia.be/files/Rapport-annuel-2025.pdf,Unia,2026-07-27,annual_report,"Subsidies 9628106: federal 8304698; region/communaute aggregate 1323408; personnel -9050949; federal -25pct coalition path"
src_unia_faq_funding,Unia FAQ Comment Unia est-il finance,https://www.unia.be/fr/faq,Unia,2026-07-27,portal,"Federal + regions/communities; Flanders stopped financing from 2023; cooperation agreement 12 Jun 2013 art.16"
src_vmri_vp_budget_2025_26,Vlaams Parlement VMRI budget docs 2025-2026 class,https://docs.vlaamsparlement.be/pfile?id=2227529,Vlaams Parlement,2026-07-27,parliament,"2025 budget class 5.279m; 2026 request total 5.598m (pers 4.48m + working 1.118m); dual to Unia"
src_vrt_wassalon_800k,VRT NWS Het Wassalon gelijke kansen campagne 800000 euro 3 jaar Gennez,https://www.vrt.be/vrtnws/nl/2026/07/15/podcast-wassalon/,VRT NWS,2026-07-27,news,"Minister Gennez Vlaams Parlement: sensibiliseringscampagne met videopodcast Het Wassalon 800000 euro over drie jaar; Agentschap Binnenlands Bestuur"
src_hln_wassalon_661views,HLN Het Wassalon 800000 euro amper 661 views,https://www.hln.be/binnenland/podcast-van-vlaamse-overheid-kost-800-000-euro-maar-haalt-amper-661-views-de-waanzin-voorbij~a91f523b/,HLN,2026-07-27,news,"Press claims low early YouTube views class ~661; reach secondary; cost framing"
src_vl_abb_wassalon_launch,Vlaanderen.be ABB launch Het Wassalon gelijke kansen 17 Jun 2026,https://www.vlaanderen.be/inclusie/nieuwsberichten/luister-naar-de-podcast-het-wassalon-de-plek-waar-je-jezelf-kan-zijn-tussen-de-wasmachines,Agentschap Binnenlands Bestuur / Vlaanderen.be,2026-07-27,portal,"Official: ABB launches Het Wassalon; 3 years 2 seasons/year; host Daphne Agten; themes LGBTQI+ disability gender; YT Spotify IG FB; Mechelen launch stunt"
src_vrt_wassalon_raam_eval,VRT NWS Wassalon raamcontract + views + sept eval,https://www.vrt.be/vrtnws/nl/2026/07/15/podcast-wassalon/,VRT NWS,2026-07-27,news,"Gennez commissie Welzijn: 800k/3y; kabinet: creatie+productie+marketing+middenveld; raamcontract prijsafspraken; sept evaluatie; YT top ~2300 views/mo; IG 636 followers; clips often 10k+ IG"
src_doorbraak_wassalon_ldv,Doorbraak Het Wassalon LDV United via raamovereenkomst,https://doorbraak.be/het-wassalon-800-000-euro-om-jongeren-te-overtuigen-die-niet-kijken/,Doorbraak,2026-07-27,news,"Quotes Freija Van den Driessche VB: execution via LDV United under VL raamovereenkomst strategische en creatieve communicatiepartners; 8 ABB FTE gelijke kansen comms claim; not official tender PDF"
src_nostrezz_wassalon_prod,NoStrezz portfolio claim full production Het Wassalon,https://nostrezz.be/,NoStrezz,2026-07-27,company,"Self-claim: Het Wassalon vodcast fully produced by NoStrezz for ABB equal opportunities campaign LGBTQI+ gender disabilities"
src_doge_gg_bridge_2025,DOGE GG expenditure bridge coverage dashboard 2025,docs/doge/data/gg_expenditure_bridge_2025.md,AIpolitics DOGE loop,2026-07-27,secondary,"Synthesis only from prior primary rows: S13 TE 347956m; L1 Eurostat; regional L2; RIZIV; no invent euros; L5 low coverage honest"
src_vl_bbt_gk_2026_openvld,Vlaams Parlement BBT Gelijke Kansen 2026 technische vragen Open Vld,https://docs.vlaamsparlement.be/pfile?id=2247885,Vlaams Parlement,2026-07-27,parliament,"BBT GK 2026 answers 7 Nov 2025: werkingsbudget 15162000; projectsubs 4361000; VEK +1888000; staff 10.3 VTE 1000767.29; research 119018.50+119634; campaign 800000 LDV United; Inter 1333k/1354k"
src_vl_abb_subsidies_portal,Vlaanderen.be ABB inclusie subsidies lopende projecten,https://www.vlaanderen.be/inclusie/subsidies,Agentschap Binnenlands Bestuur,2026-07-27,portal,"Named lopende projecten Gelijke Kansen Integratie Inburgering radicalisering without EUR amounts; Pride 6 orgs 2026; Safe spaces; gender violence; Turboplan"
src_vl_pride_2026_news,Vlaanderen.be zes organisaties steun Pride-events 2026,https://www.vlaanderen.be/inclusie/nieuwsberichten/zes-organisaties-krijgen-steun-voor-pride-events-in-2026,ABB / Vlaanderen.be,2026-07-27,portal,"6 Pride orgs named 2026 no EUR per org on page"
src_vl_pq_955_de_lijn_2026,Vlaams Parlement SV 955 Peeters De Lijn middelen 26 Feb 2026,https://docs.vlaamsparlement.be/pfile?id=2309697,Vlaams Parlement / minister De Ridder,2026-07-27,parliament,"Vervoersautoriteit 2019-2024 toelage table exp+inv; basistoelage 938.7m base; 2025 KN/AN/VOM 955.3m then 919.8m after savings; own rev 255.1m; GIP invest 661.0m; availability fees 52.6m"
src_nmbs_odc_2023_2032,Openbaredienstcontract NMBS-Staat 2023-2032 compensatie traject Art.116,https://mobilit.belgium.be/sites/default/files/documents/regulations/2023/Openbaredienstcontract_NMBS_2023-2032_NL_0.pdf,FOD Mobiliteit / NMBS,2026-07-27,contract,"Primary PSO contract: Betalingstraject invest+variable+fixed exp 2023-2032 mEUR; variable 57pct ticket; deferred 536.513m/yr; excl specific comps and woon-werk Art.40"
src_vl_centenboekje_bo2026_full,Centenboekje Vlaamse begroting BO2026 Weyts 22 Sep 2025,docs/doge/data/raw/vl_bo2026.pdf,Vlaamse overheid DFB,2026-07-27,budget,"Tables 2-1 4-1 4-2 5-1 bijlage NBR named measures kEUR: domains VEK/VAK + Jobbonus Oosterweel VV cuts package Gemeentefonds VRT De Lijn retro premie etc"
src_rekenhof_maaltijdcheques_2026,Rekenhof advies Kamer DOC 56 0785/004 maaltijdcheques (para)fiscale uitgave,https://www.lachambre.be/FLWB/PDF/56/0785/56K0785004.pdf,Rekenhof / Cour des comptes,2026-07-27,court_audit,"Approved 4 Mar 2026: 2024 private meal voucher (para)fiscal cost 1.07bn; VIA face 3.55bn; FPS inventory lists TE but no amount; AABEO CIT-only reform 55.8m 2026"
src_via_meal_vouchers_2024,VIA Voucher Issuers Association meal voucher market stats 2023-2024 via Rekenhof,https://www.lachambre.be/FLWB/PDF/56/0785/56K0785004.pdf,VIA via Rekenhof,2026-07-27,industry,"Face issued 3344m/3550m 2023-24; beneficiaries 2.984m/3.142m; cheques 462.5m/491.0m; avg face 7.23 EUR 2024"
src_bosa_fed_register_overview,BOSA Federaal register financiele overdrachten overview tables 2023-2025,https://bosa.belgium.be/nl/themas/begroting-en-boek-houding/toelagen/federaal-register-van-financiele-overdrachten,FOD BOSA,2026-07-27,portal,"Register total 179.916bn 2025; by beneficiary type households 141.915bn regions 19.443bn companies 4.777bn local 4.682bn BV TE 4.668bn foreign 2.592bn Maribel 0.894bn SSC exempt 0.943bn; 8993 items"
src_bosa_fed_dept_toelagen,BOSA toelagen federale departementen breakdown 2023-2025,https://bosa.belgium.be/nl/themas/begroting-en-boek-houding/toelagen/toelagen-van-de-federale-departementen,FOD BOSA,2026-07-27,portal,"Dept transfers 64.721bn 2025: SS 27.687 communities/regions 17.730 autonomous 5.470 households/ASBL 4.968 companies 3.075 local 4.110 foreign 1.681 + BV 4.668"
src_bosa_fed_oisz_toelagen,BOSA toelagen OISZ sociale zekerheid 2023-2025,https://bosa.belgium.be/nl/themas/begroting-en-boek-houding/toelagen/toelagen-van-de-openbare-instellingen-van-sociale,FOD BOSA,2026-07-27,portal,"OISZ out 142.955bn 2025: households/ASBL 136.384bn companies 1.670 Maribel 0.895 SSC exempt 0.943 regions 1.634 local Maribel 0.494 foreign 0.902"
src_bosa_fed_aoi_toelagen,BOSA toelagen AOI 2023-2025 thousand EUR,https://bosa.belgium.be/nl/themas/begroting-en-boek-houding/toelagen/toelagen-van-de-administratieve-openbare-instellingen,FOD BOSA,2026-07-27,portal,"AOI total 774.275m EUR 2025 (table in kEUR): households 563.215m companies 32.021m local 77.656m regions 79.707m"
src_bosa_fed_overdrachten_groups,BOSA three-group federal overdrachten TE+assignment+dept,https://bosa.belgium.be/nl/themas/begroting-en-boek-houding/toelagen/overdrachten-van-de-federale-departementen,FOD BOSA,2026-07-27,portal,"2025: assignment funds 83.552bn dept 64.721bn TE 2023 only 39.401bn; taxex split VAT 16.198 PIT fed 9.671 BV 4.415 CIT 3.809"
src_vl_bbt_werk_bo2026_vdab,BBT BO2026 Werk Toelichting Budgetevolutie VDAB,https://docs.vlaamsparlement.be/pfile?id=2250747,Vlaams Parlement / minister Werk,2026-07-27,parliament,"VDAB kredieten BA2025 VEK 765.690m VAK 760.621m; BO2026 VEK 750.702m VAK 750.604m; -20m werkings toelage; +3m index competenties; activering/competenties split"
src_vl_pq52_vdab_budget,Schriftelijke vraag 52 Ongena VDAB budget 2024 class,https://docs.vlaamsparlement.be/pfile?id=2236871,Vlaams Parlement,2026-07-27,parliament,"PQ premise 962m total 2024 of which 783m VL dotatie; minister refers jaarrekening 2024 repertorium; L5 split unanswered this letter"
src_vl_conceptnota_vdab_945,Conceptnota VDAB werkingsbudget 945m 2025 81.2pct VL,https://docs.vlaamsparlement.be/pfile?id=2272570,Vlaams Parlement conceptnota,2026-07-27,parliament,"Secondary class: 945m werkingsbudget 2025 of which 81.2pct Flemish government; verify jaarrekening"
src_forem_ra_2023,FOREM Rapport annuel 2023 finances,https://www.leforem.be/documents/a-propos-du-forem/rapport-activite.pdf,FOREM,2026-07-27,annual_report,"Budget global 3.091bn; depenses Forem 2.763bn; aides emploi-formation 2.067bn; fonctionnement 0.514bn; subvention RW 2.662bn; other receipts 71.6m; staff 4919/3992 FTE"
src_wallonie_budget2026_forem_note,Wallonie budget 2026 emploi via FOREM note,https://finances.wallonie.be/home/finances-wallonnes/budget-wallon/budget2026.html,SPW Finances,2026-07-27,budget,"Press/portal: >1bn employment policies via FOREM (SSC reductions and titres-services); structural savings FOREM+IFAPME 1pct 4.8m class"
src_maddens_party_finance_2024,Het geld van de partijen 2024 KU Leuven analysis of Kamer party accounts,https://lirias.kuleuven.be/retrieve/062e52a7-769b-4253-aae4-dd0103a68737,KU Leuven Maddens Smulders Vanden Eynde,2026-07-27,academic,"Based on Kamer DOC 56 0961/001-003 party financial reports 2024; direct subsidies 83.7m; fed dot 36.7m; reg VL+WAL 16.1m; fracties 26.3m; provincial 3.5m; connected FR 1.2m; staff estimate 104.6m; total package 188.3m"
src_kamer_dotatie_method,Kamer questure financing of political parties calculation method,https://www.dekamer.be/kvvcr/pdf_sections/depute/dotatie.pdf,Kamer van volksvertegenwoordigers,2026-07-27,parliament,"Law 4 Jul 1989; fixed+per-vote formula; index 2.0807 Jun2024; -5.32pct 2023-24; Senate boost fixed 50k +1eur/vote; separate line in federal expenditure budget managed by Kamer"
src_vrt_party_subsidies_2024,VRT NWS summary party subsidies 83.7m 2024,https://www.vrt.be/vrtnws/nl/2025/10/07/n-va-blijft-met-voorsprong-rijkste-partij-pvda-financieel-het-m/,VRT NWS,2026-07-27,press,"Secondary reporting of Maddens study; totals align; net wealth N-VA class"
src_bt_party_subsidies_2025,Brussels Times Belga party subsidies 86.5m 2025,https://www.brusselstimes.com/2236194/political-parties-receive-e3-million-more-annual-subsidies-in-2025,Brussels Times / Belga / Het Nieuwsblad,2026-07-27,press,"Secondary: direct subsidies 86.5m 2025 vs 83.7m 2024; freeze-to-2029 promised but vote base rose after 2024 elections"
src_wal_expgen_2026,Expos� g�n�ral budgets recettes et d�penses R�gion wallonne 2026,https://finances.wallonie.be/files/Budget%202026/Budget%202026/expose/ExpGen.pdf,SPW Finances / Parlement wallon,2026-07-27,budget,"Initial 2026: d�p liq 21.336bn eng 21.176bn; prog tables DO01-36; FOREM new 18.130 2833.6m; 17.093 sant�-fam 7026.6m; CWaPE 9.259m; Parlement 76.254m; IFAPME 88.3m; cabinets 28.0m"
src_wal_budget_2026_cp,Budget wallon initial 2026 communiqu� Gouvernement,https://www.wallonie.be/fr/acteurs-et-institutions/wallonie/gouvernement-de-wallonie/communiques-presse/2025-10-20,Gouvernement de Wallonie,2026-07-27,budget,"Structural savings 270.4m table; APE package 83.7m detailed; WE 124->64m credits + dividend 55->70m; AVIQ 5.6+28.3m; facultatives -8m; Marshall communes 58m; FERI grandes villes 35m; SPW 736m"
src_fwb_expgen_2026,Expos� g�n�ral budget d�penses Communaut� fran�aise 2026 initial,https://budget-finances.cfwb.be/fileadmin/sites/dgbf/uploads/documents/budget_comptabilite/ressources/budgets/2026/Expose_general_des_depenses_2026_-_Initial.pdf,MFWB DGBF,2026-07-27,budget,"BI2026: debt cost 357m; DO45 research 262.6m CE; WBI 42.9m; WBE 39.7m; press daily 12.9m; culture non-index 3.7m + moratoria 10.2m; ONE IT -3m non-index 7.84m + structural +43m; sport CL 67.9m; EAP FWB 2.592m; Mediasquare SEC -17.7m"
src_fwb_gov_cp_budget_2026,FWB Gouvernement CP Budget 2026-2029 deficit path,https://gouvernement.cfwb.be/home/presse--actualites/communiques-de-presse/presses/budget-2026-2029-accord-au-gouvernement-de-la-federation-wallonie-bruxelles-pour-garder-sous-controle-le-deficit-budgetaire.html,Gouvernement FWB,2026-07-27,budget,"~500m structural net to 2029 (670 savings +180 new policies class); deficit 1.6bn 2026 path 1.2bn 2029; debt 12.78bn 2024 risk 21bn 2029; party-linked OJ/EP/archives end 2026"
src_mr_fwb_conclave_2026,MR argumentaire conclave FWB 2026 savings by sector,https://www.mr.be/argumentaires/conclave-budgetaire-2026-2029-en-federation-wallonie-bruxelles-un-travail-de-fond-responsable-et-indispensable-sur-toute-la-legislature/,MR,2026-07-27,press,"Secondary: enseignement oblig 86.7m; superior 10.8m; petite enfance 74m; culture 12.9m; fonction publique 8m; recherche 1.5m; aide jeunesse 1.5m; maisons justice 887k; named party institutes EP/archives/OJ list"
src_ccrek_bru_budget_2026_full,Cour des comptes projets budgets RBC 2026 rapport 13 Mar 2026,https://www.ccrek.be/sites/default/files/Docs/2026_17_BudgetsRBC2026.pdf,Cour des comptes,2026-07-27,court_of_audit,"Table9 top programmes: STIB 1167.6m Actiris 648.1m titres 303.8m SLRB 687.3/418.3 Propret� 411.1 debt 727.8 local 757.6 commissions 691.7 Kanal 86.7 initiatives 330/130; facultatives -25m/yr; PPI STIB cut path 964.6m 2026-29"
src_bt_visit_brussels_cut_2026,Brussels Times Visit.brussels subsidy cut 5.7m 2026,https://www.brusselstimes.com/2045524/unions-condemn-budget-cuts-to-brussels-tourism-agency,Brussels Times,2026-07-27,press,"Secondary: visit.brussels subsidy cut 5.7m 2026; path toward larger multi-year reduction class"
src_fps_taxex_tick137_next20,FPS tax expenditure inventory next-20 import tick137,https://finance.belgium.be/sites/default/files/Statistieken_SD/Inventaris/inventory-of-federal-tax-expenditures.xlsx,FPS Finance,2026-07-27,fps,"Parsed fps_taxex.xlsx; imported 20 largest not-yet-in-CSV measures; top current: tax-free basic 18058m PIT 2023; professional expenses 9842m; family allowances 2900m; children tax-free 2694m; distinct taxation 2665m"
src_kamer_56k1296_uitbetaling,Kamer DOC 56 1296/001 wetsvoorstel admin costs payment organisms,https://www.dekamer.be/FLWB/PDF/56/1296/56K1296001.pdf,Kamer van volksvertegenwoordigers,2026-07-27,parliament,"Private OP ABVV+ACV+ACLVB 169m 2024 ONEM admin; total with HVW ~219m; path -20m 2026 -27m 2027; KB 16 Sep 1991 formula; Dermagne 2022 +7.6m / +13m by 2025"
src_kamer_qrva_56_028_uitbetaling,Kamer QRVA 56 028 Demesmaeker vergoedingen uitbetalingsinstellingen,https://www.dekamer.be/QRVA/pdf/56/56K0028.pdf,Kamer / minister Werk,2026-07-27,parliament,"Cites minister answer: 219m for 333k werklozen/SWT; impact time-limit only -27m 2027 vs -184k dossiers class"
src_fed_ombuds_uitbetaling_2025,Federale Ombudsman Verslag uitbetalingsinstellingen werkloosheid jan 2025,https://www.federaalombudsman.be/sites/default/files/2025-01/Verslag%20Werkloosheidsuitkeringen_NL_BAT_02.pdf,Federale Ombudsman,2026-07-27,agency,"Architecture 3 private+HVW; service quality/late payments; no euro admin totals"
src_kb_admin_ui_1991,KB 16 sep 1991 vergoedingen administratiekosten uitbetalingsinstellingen,https://etaamb.openjustice.be/nl/1999012438.html,Belgisch Staatsblad / etaamb,2026-07-27,law,"Legal basis admin cost formula; amended 2022 and 2023"
src_kb_admin_mutualites_2024,KB admin costs sickness funds 2024 (press extract of BS amounts),https://www.despecialist.eu/nl/nieuws/administratiekosten-ziekenfondsen-toegekend-voor-2024.html,De Specialist citing BS KB 9 Apr 2024,2026-07-27,press,"Cites official KB: 5 landsbonden 1285.441m + HR Rail 22.804m 2024; 2023 landsbonden 1194.981m HR Rail 21.199m; member counts end-2022"
src_medisphere_mutual_admin_2025,Medi-Sphere mutualit�s admin costs path 2023-2025,https://www.medi-sphere.be/fr/actualites/socio-professionnel/les-mutualites-recoivent-15-de-plus-pour-leurs-frais-administratifs-en-deux-ans.html,Medi-Sphere / Tempo,2026-07-27,press,"2023 1194.981m; 2024 1285.441m (+7.6pct); 2025 1375.165m (+7pct); +15pct in 2y; responsabilisation 25m 2026 to 100m 2029 class"
src_ccrek_admin_ziekenfondsen_2017,Rekenhof vergoeding administratiekosten ziekenfondsen 2017,https://www.ccrek.be/sites/default/files/Docs/2017_01_VergoedingAdministratiekostenZiekenfondsen.pdf,Cour des comptes,2026-07-27,court_of_audit,"Audit method envelope+distribution by membership and performance; HZIV and HR Rail out of scope; architecture landsbonden"
src_news_be_admin_oa_2024,Conseil ministres frais administration organismes assureurs 2024,https://news.belgium.be/fr/frais-dadministration-attribues-aux-organismes-assureurs-pour-2024,FPS / news.belgium,2026-07-27,budget,"Primary portal page for MR approval of OA admin fees 2024 (access may vary)"
src_ebesluit_toneelhuis_2025,ebesluit Antwerpen Toneelhuis nominatief krediet 2025,https://ebesluit.antwerpen.be/zittingen/23.1017.4532.6686/agendapunten/24.1018.6033.5905,Stad Antwerpen college,2026-07-27,budget,"CBS 13 Dec 2024: Toneelhuis 2805000 EUR 2025 (2740000 werking + 65000 gebouwbeheerder); overeenkomst to 31 Dec 2025"
src_ebesluit_zorgbedrijf_2024,ebesluit Antwerpen Zorgbedrijf toelagen 2024,https://ebesluit.antwerpen.be/zittingen/23.0919.9862.4277/agendapunten/24.0109.5289.6782,Stad Antwerpen college,2026-07-27,budget,"CBS 19 Jan 2024: werk 33632356.24 + respons 20558938 + invest 11970847.95; later index add 494693.99 Dec 2024"
src_ebesluit_zorgbedrijf_2023,ebesluit Antwerpen Zorgbedrijf toelagen 2023,https://ebesluit.antwerpen.be/zittingen/22.0922.2678.7491/agendapunten/23.0130.8279.9285,Stad Antwerpen college,2026-07-27,budget,"CBS: werk 36303606.73 + respons 15775617 + invest 14509456.80"
src_ebesluit_obv_2025,ebesluit Antwerpen Opera Ballet Vlaanderen 2025,https://ebesluit.antwerpen.be/zittingen/25.0113.0088.1023/agendapunten/25.0429.2101.3925,Stad Antwerpen college,2026-07-27,budget,"CBS 23 May 2025: 1900000 werk + 508292 invest 2025"
src_ebesluit_desingel_2024,ebesluit Antwerpen deSingel nominatief 2024,https://ebesluit.antwerpen.be/zittingen/23.0921.5623.5704/agendapunten/24.0202.8529.0450,Stad Antwerpen college,2026-07-27,budget,"CBS 1 Mar 2024: deSingel 100000 EUR 2024 (talent/Dear Antwerp)"
src_fpb_company_cars_te_2025,FPB Working Paper 202504 Tax expenditures linked to company cars,https://www.plan.be/sites/default/files/documents/WP_202504_13169_EN.pdf,Federal Planning Bureau Franckx Hoornaert,2026-07-27,think_tank,"CASMO model: TE 4.7bn 2025 to 5.2bn 2028 central; sensitivity 3-6bn; VAT non-recovered ~0.6bn 2028; CIT -0.1bn; driven by private-use PIT+SSC vs solidarity contribution; not FPS inventory line split"
src_fpb_company_cars_page,FPB publication page company car tax expenditures Jun 2025,https://www.plan.be/en/publications/tax-expenditures-linked-company-cars,Federal Planning Bureau,2026-07-27,think_tank,"Summary page WP_202504_13169"
src_vspf_maribel_319_01_2023,VSPF Jaarverslag sociale Maribel PC 319.01 Flanders 2023,https://vspf.org/wp-content/uploads/2024/06/Jaarverslag2023-1.pdf,VSPF / FSM 319.01,2026-07-27,annual_report,"Social Maribel dotatie 75938085.44 EUR 2023; fiscale Maribel 14787724.13; max 46700/VTE; secretariaat 911257"
src_vspf_maribel_socio_2023,VSPF Jaarverslag FSM socioculturele sector VL 2023,https://vspf.org/wp-content/uploads/2024/08/Jaarverslag2023.pdf,VSPF,2026-07-27,annual_report,"Social Maribel 31588972.03 2023; total social+fiscal 38011922.92; ~833 VTE; ~600 orgs"
src_febi_maribel_319_2024,FeBi Activiteitenverslag FSM 319 bicommunal 2024,https://images.fe-bi.org/2025624112235420_06-2024-activiteitenverslag-319.pdf,FeBi / FSM 319,2026-07-27,annual_report,"Dotatie SM 5108055 2023 / 5801291 2024; FM 941037 2023 / 1037021 2024; VTE OD SM 117-126"
src_fod_werk_maribel_fiscale,FOD Werk Sociale Maribel page fiscal compensation public sector,http://werk.belgie.be/nl/themas/werkgelegenheid-en-arbeidsmarkt/werkgelegenheidsmaatregelen/algemene-verlaging-van-de,FOD WASO,2026-07-27,agency,"Fiscal Maribel not for public sector fund; annual compensation 38.72m EUR; sector reduction rates table"
src_iefh_ra_2024,IEFH Rapport annuel 2024 Budget + comptes Table5,https://igvm-iefh.belgium.be/sites/default/files/media/documents/Rapport%20annuel%202024.pdf,IEFH/IGVM,2026-07-27,annual_report,"Dotation fed 33939000; lottery 150000; own 76214; EU Gender&Work 1014060; VAT topup 18060; protocols 222942 (WAL 81342 FWB 33500 BXL 100000 DG 8100); COCOF 47775 Actiris 32500; exp total 24793k: pers 6908k ops 2562k subs 1609k CPVS 10926k projects 2735k inv 53k; FTE 75"
src_eige_belgium_iefh_2025,EIGE gender mainstreaming Belgium institutional mechanisms Jun 2025,https://eige.europa.eu/gender-mainstreaming/countries/belgium?language_content_entity=en,EIGE,2026-07-27,secondary,"IEFH 2024 budget class 21588486 incl admin; independent capacity 14392324; structural subs 1509000 in 2023; secondary vs primary RA prefer RA"
src_firm_ra_2024,FIRM-IFDH Annual Report 2024 Finances section,https://institutfederaldroitshumains.be/sites/default/files/2025-08/Annual-Report-2024-FIRM-IFDH.pdf,FIRM-IFDH,2026-07-27,annual_report,"Grant 2024 4111000; surplus 237732.78; total budget 4348732.78; 2023 exp 1652638.76 grant 2776000"
src_firm_ra_2025,FIRM Jaarverslag 2025 Financien en budget,https://institutfederaldroitshumains.be/sites/default/files/2026-06/Jaarverslag-2025-FIRM.pdf,FIRM-IFDH,2026-07-27,annual_report,"Dotatie 2025 3769000; total budget 4984094.75; exp 2025 3516071.02; 2024 exp 2488783.46; 2026 budget dotatie 3223000 total finance 5082949.32; staff 26 end-2025"
src_rtbf_ra_2025_finances,RTBF Rapport annuel 2025 finances page primary,https://www.rapportannuelrtbf.be/finances/,RTBF,2026-07-27,annual_report,"2025: recettes 479.7m; ordinary dot 350.8m; pension 13.7m; TV5 9.5m; access 4.1m; ads 61.4m; other 29.3m cable 12.6m; foregone index 15.9m; cash 92.8m LT debt 46.7m; op result 39.1m adj 10.6m"
src_csa_rtbf_controle_2023,CSA Avis 109/2024 controle RTBF exercice 2023,https://www.csa.be/wp-content/uploads/2024/12/20241219-UE-Avis-109-2024-CONTROLE-2023-RTBF.pdf,CSA FWB,2026-07-27,regulator,"2023 ordinary 332793782; total dots 366.9m (TV5 9.4 pension 14.5 SEC 10.2); ads 66.0m; dots series 2017-23; expenses 464.4m; net cost mission 370.1m"
src_rtbf_savings_132m,RTBF CA savings plan 132m 2025-2028,https://www.rtbf.be/article/la-rtbf-adopte-un-plan-d-economies-de-132-millions-sans-licenciements-secs-11535417,RTBF,2026-07-27,agency,"CA Apr 2025: effort >132m 2025-2028; 55.2m in 2028 alone; -12pct vs initial trajectory"
src_vl_vrt_basistoelage_pq130,VP schriftelijke vraag 130 Van Achter VRT basistoelage 2025-2026 rebuild,https://docs.vlaamsparlement.be/pfile?id=2215524,Vlaams Parlement,2026-07-27,parliament,"Basistoelage 2025 258393k; 2026 296400k; components wage index +36340 partial ops +1489 MAX rights +104 energy -276 digital training +200 NL-BE coop +150"
src_vrt_jv2023_pillars,VRT Jaarverslag 2023 financieringspijlers + overheidsfinanciering split,https://www.mediaspecs.be/wp-content/uploads/2024/06/vrt-jaarverslag-2023.pdf,VRT,2026-07-27,annual_report,"2023 gov 297.9m (basisdot 287.2 inflation 7.1 transform 1.1 other 2.5); eigen 199.7; total 497.6; BAN+comm 81.0; deferred sport -4.3 nieuwbouw -8.6; net PSO cost 291.7 subsidies 285.0"
src_vrt_jv2024_summary,VRT Jaarverslag 2024 overheidsfinanciering + eigen inkomsten,https://www.vrt.be/nl/assets/files/2025-06/Jaarverslag-2024.pdf,VRT,2026-07-27,annual_report,"2024 overheidsfinanciering 304.4m (59.9pct); eigen inkomsten 203.7m (40.1pct); cost per Fleming 3.72 euro/month"
src_vrt_jv2025_fin_html,VRT Jaarverslag 2025 financiele resultaten web,https://jaarverslag.vrt.be/interne-keuken/financiele-resultaten,VRT,2026-07-27,annual_report,"2025 total opbrengsten 528.4m; overheidsfinanciering 306m; eigen 222.3m; commercial+BAN 83m (plafond 90.8); costs 533.1m; external production invest 122.3m; mgmt result -1.6m"
src_radiovisie_vrt_comm_2024,Radiovisie VRT commercial communication + BAN 2024,https://radiovisie.eu/doorgelicht-de-centen-van-vrt-radio-in-2024/,Radiovisie,2026-07-27,secondary,"Commercial communication 74.5m 2024 (+2.7 vs 2023); BAN 10.4m (9.2 in 2023); sum ~84.9m class"
src_actiris_ra_2024,Actiris Rapport annuel 2024 Budget recettes depenses L5,https://www.actiris.brussels/media/torboyqi/ra_2024-fr_ok-24-h-1065F033.pdf,Actiris,2026-07-27,annual_report,"Budget final 767506000; realized exp 729735605 (95pct); recettes realized 753574458; ACS 200.9m; 6th reform 225.0m; functioning 167.9m; partnerships 57.7m; social economy 34.5m; staff 1518/1291 ETP"
src_nbb_subsidies_ent_2025_vipa,NBB Economic Review 2025 No9 Flanders D.92 Hospitals via VIPA tables A3-A4,https://www.nbb.be/doc/ts/publications/economicreview/2025/ecorevi2025_h09.pdf,NBB/NAI,2026-07-27,official,"Flanders D.92 hospitals VIPA: public 72m 2023; non-public 208m 2023 / 192m 2024; FL D.92 total 1204/1362m 2023-24; FWB CHU Liege 9m + other UZ 7m 2023"
src_vrt_jessa_vipa_500m,VRT NWS Jessa Ziekenhuis Hasselt VIPA 500m over 40 years May 2026,https://www.vrt.be/vrtnws/nl/2026/05/16/jessa-ziekenhuis-subsidies-vipa-bouw-nieuw-ziekenhuis-hasselt/,VRT NWS,2026-07-27,news,"Flanders awards VIPA ~500m total (annual forfait 40y after opening); project cost ~1bn own+loans; doctors invest 125m; ready ~2036"
src_jessa_vipa_groen_licht,Jessa ZH VIPA groen licht zorgpark,https://www.jessazh.be/w/vipa-geeft-groen-licht-voor-nieuw-zorgpark-van-jessa,Jessa Ziekenhuis,2026-07-27,agency,"VIPA annual forfait 40 years estimated total ~500m from use date"
src_gezondbelgie_bfm_2025,GezondBelgie hospital financing BFM general hospitals Jan 2025,https://www.gezondbelgie.be/nl/blikvanger-gezondheidszorg/algemene-ziekenhuizen/financiering,FPS Health / GezondBelgie,2026-07-27,agency,"General hospitals BFM max 9.62bn Jan 2025"
src_despecialist_bfm_2025,De Specialist hospital BFM total 2025 11.778bn,https://www.despecialist.eu/nl/nieuws/bijna-11-8-miljard-euro-toegewezen-aan-ziekenhuizen-voor-2025.html,De Specialist,2026-07-27,news,"Total hospital BFM 2025 11778368068 EUR class; secondary citing official allocation"
src_artsenkrant_vipa_2024,Artsenkrant VIPA strategic forfaits paid 2024,https://lejournaldumedecin.pmg.be/nl/dossier/EAHbe2505W14_00,Artsenkrant,2026-07-27,press,"VIPA paid strategic forfaits hospitals 4476693.98 EUR in 2024; cash-year only medium"
src_vl_crc_ho_2024,College regeringscommissarissen financiele toestand Vlaams hoger onderwijs 2024,https://data-onderwijs.vlaanderen.be/documenten/bestanden/financi%C3%ABle-toestand-en-evolutie-personeelsbestand-hoger-onderwijs.pdf,College van regeringscommissarissen HO,2026-07-27,official,"VL universities 2024: 1st stream basisfinanciering 1440744600 (werkingsuitk 1354798125 invest 45623950 stuvo 30359491); 2nd 460276480; 3rd 711880167; 4th 378276220; AHOVOKS effective werkings 1224240771; per student 8286; students 149848"
src_kuleuven_jv_2025,KU Leuven Jaarverslag 2025 resultatenrekening geldstromen,https://www.kuleuven.be/over-kuleuven/pdf/jaarverslag-ku-leuven-2025.pdf,KU Leuven,2026-07-27,annual_report,"1st stream 2024 546506062 (werkings 515120013 invest 19364877 stuvo 11843756); 2025 1st 567940708 (werkings 536061091); research exp 2024 749.2m 2025 781.88m; bedrijfsopbrengsten 2025 1.565bn"
src_fwb_expgen_2026,FWB Expose general depenses 2026 Initial education superieur lines,https://budget-finances.cfwb.be/fileadmin/sites/dgbf/uploads/documents/budget_comptabilite/ressources/budgets/2026/Expose_general_des_depenses_2026_-_Initial.pdf,FWB Budget,2026-07-27,budget,"Prior tick: edu_class 10.928bn 2026; superieur_savings 14m; research do45 262.6m; not per-university split"
